HUGH WILSON DATASET NAMES,NEW NAMES (LANDCARE NEW ZEALAND PLANTS SPECIES DATABASE)
Agapanthus orientalis,Agapanthus praecox subsp. orientalis
Agropyron repens,Elytrigia repens
Agrostis canina,Agrostis muelleriana
Agrostis tenuis,Agrostis capillaris
Asplenium bulbiferum subsp. gracilinum,Asplenium gracillimum
Asplenium colensoi,Asplenium hookerianum
Blechnum banksii,Blechnum blechnoides
Bromus carinatus,Bromus lithobius
Bromus mollis,Bromus hordeaceus
Cardaria draba,Lepidium draba
Carmichaelia robusta,Carmichaelia australis
Carmichaelia violacea,Carmichaelia australis
Conyza albida,Conyza sumatrensis
Coronopus didymus,Lepidium didymum
Coronopus squamatus,Lepidium squamatus
Corybas macranthus,Nematoceras macranthum
Cotula dioica,Leptinella dioica
Cotula squalida ,Leptinella squalida 
Cotula perpusilla,Leptinella pusilla
Crassula tetramera,Crassula sieberiana subsp. tetramera
Cyathodes colensoi,Acrothamnus colensoi 
Cyathodes juniperina,Leptechophylla juniperina
Epicarpurus microphyllus,Strebulus heterophyllus
Festuca arundinacea,Schedonorus arundinaceus
Festuca glauca,Festuca ovina
Geranium sessiliflorum var. maculatum,Geranium brevicaule
Gnaphalium sphaericum,Euchiton sphaericus
Helichrysum aggregatum,Helicrysum lanceolatum
Hordeum hystrix,Critesion hystrix
Hordeum murinum ,Critesion murinum
Hordeum murinum subsp. leporinum,Critesion murinum subsp. leporinum
Hypochoeris glabra,Hypochaeris glabra
Hypochoeris radicata,Hypochaeris radicata
Juncus gregiflorus ,Juncus edgariae
Juncus maritimus,Juncus kraussii
Lachnagrostis richardii,Lachnagrostis pilosa
Lavatera arborea,Malva arborea
Lavatera cretica,Malva linnaei
Lychnis coronaria,Silene coronaria
Lycopodium varium,Huperzia varia
Myosotis laxa var. caespitosa,Myosotis laxa subsp. caespitosa
Nertera setulosa,Leptostigma setulosa
Oreomyrrhis colensoi,Chaerophyllum colensoi
Ourisia lactea,Ourisia macrophylla subsp. lactea
Phymatosorus diversifolius,Microsorum pustulatum
Picris echioides,Helminthotheca echioides
Pilosella officinarum,Hieracium pilosella
Plagianthus betulinus,Plagianthus regius subsp. regius
Podocarpus spicatus,Prumnoptys taxifolia
Polygonum convolvulus,Fallopia convolvulus
Puccinellia novae-zealandiae,Puccinella walkerii
Scirpus habrus,Isolepsis habra
Scirpus nodosus,Ficinia nodosa
Stipa nodosa,Austrostipa nodosa
Stipa variabilis ,Austrostipa nodosa
