Date,Transaction Details,Debit,Credit,Balance,tag
26/03/2014,EFTPOS 26MAR14 EFT IS1 18:37:29 THE ROXX CLIMBING CENT A85902235 OTHERS,90,,9056.86,activity
28/03/2014,EFTPOS 28MAR14 EFT IS1 18:10:08 FLOW HOT YOGA A85902431 OTHERS,29.5,,8713.36,activity
1/04/2014,CARD TRANSACTION 01APR14 ATM IS1 19:12:19 147 COLOMBO ST A85902105 ATM,40,,8533.47,ATM
2/12/2013,CARD TRANSACTION 01DEC13 ATM IS1 13:56:47 6A WAKEFIELD AV A85904129 ATM,40,,5722.6,ATM
3/03/2014,CARD TRANSACTION 01MAR14 ATM IS1 21:19:04 20 LONDON ST A85902911 ATM,60,,7800.38,ATM
3/06/2014,CARD TRANSACTION 03JUN14 ATM IS1 18:28:16 ASB South City Sho ASB South City Sho A85908594 ATM,40,,8400.62,ATM
4/02/2014,CARD TRANSACTION 04FEB14 ATM IS1 19:53:59 WBC 443 COLOMBO ST A85902403 ATM,40,,6488.51,ATM
7/02/2014,CARD TRANSACTION 06FEB14 ATM IS1 13:54:02 165 HIGH ST A85901017 ATM,100,,6074.74,ATM
9/12/2013,CARD TRANSACTION 09DEC13 ATM IS1 16:16:11 ASB Lincoln Univer ASB Lincoln Univer A85907365 ATM,20,,6825.55,ATM
11/03/2014,CARD TRANSACTION 11MAR14 ATM IS1 18:42:00 555 COLOMBO ST A85902231 ATM,60,,7073.28,ATM
13/01/2014,CARD TRANSACTION 12JAN14 ATM IS1 10:45:19 6A WAKEFIELD AV A85902884 ATM,40,,6021.34,ATM
16/12/2013,CARD TRANSACTION 14DEC13 ATM IS1 13:32:47 ADDINGTON BRANCH ADDINGTON BRANCH A85901604 ATM,60,,6142.03,ATM
16/06/2014,CARD TRANSACTION 14JUN14 ATM IS1 11:53:44 555 COLOMBO ST A85900756 ATM,40,,9843.12,ATM
20/01/2014,CARD TRANSACTION 18JAN14 ATM IS1 12:37:10 21-23 WEST END A85901048 ATM,80,,7124.61,ATM
18/03/2014,CARD TRANSACTION 18MAR14 ATM IS1 19:00:58 WBC 443 COLOMBO ST A85902158 ATM,60,,8212.15,ATM
22/04/2014,CARD TRANSACTION 19APR14 ATM IS1 15:20:11 PAKNSAVE MOOREHOUSE AV PAKNSAVE MOOREHOUSE AV A85903247 ATM,60,,8372.93,ATM
19/12/2013,CARD TRANSACTION 19DEC13 ATM IS1 12:58:35 WBC MAIN ROAD A85901334 ATM,500,,7180.66,ATM
24/02/2014,CARD TRANSACTION 23FEB14 ATM IS1 14:53:10 6A WAKEFIELD AV A85904326 ATM,60,,6384.29,ATM
26/05/2014,CARD TRANSACTION 24MAY14 ATM IS1 10:58:54 ASB Asian Banking ASB Asian Banking A85900585 ATM,40,,9655.73,ATM
25/03/2014,CARD TRANSACTION 25MAR14 ATM IS1 18:06:24 ASB Lincoln Univer ASB Lincoln Univer A85901973 ATM,40,,7342.85,ATM
28/04/2014,CARD TRANSACTION 27APR14 ATM IS1 12:34:58 WBC 1066 COLOMBO ST A85905282 ATM,200,,9020.01,ATM
29/04/2014,CARD TRANSACTION 29APR14 ATM IS1 18:48:34 ADDINGTON BRANCH ADDINGTON BRANCH A85902101 ATM,100,,8894.63,ATM
18/12/2013,Carpooling 02 Marona M D M ROVIRA CAPDEVI 0000000 ZINC01080 DISKETTE,,22.97,7686.66,car
4/02/2014,Carpooling 03 Marona M D M ROVIRA CAPDEVI 0000000 ZINC00362 DISKETTE,,13.87,6528.51,car
30/05/2014,Carpooling 03 Marona M D M ROVIRA CAPDEVI 0000000 ZINC00779 DISKETTE,,6.57,8777.69,car
3/01/2014,EFTPOS 01JAN14 EFT IS1 22:52:22 CALTEX QUEENSTOWN A85901284 OTHERS,78.6,,7432.14,car
2/04/2014,EFTPOS 02APR14 EFT IS1 08:14:20 MOBIL BEALEY AVE A85900112 OTHERS,69.95,,8463.52,car
3/06/2014,EFTPOS 02JUN14 EFT IS1 12:04:31 MOBIL BEALEY AVE A85905312 OTHERS,50.72,,8598.32,car
2/05/2014,EFTPOS 02MAY14 EFT IS1 18:34:54 MOBIL BEALEY AVE A85902507 OTHERS,60.69,,8490.93,car
3/12/2013,EFTPOS 03DEC13 EFT IS1 16:59:23 KIWI AUTO SPARES A85902040 OTHERS,40,,5669.9,car
3/02/2014,EFTPOS 03FEB14 EFT IS1 08:34:24 MOBIL BEALEY AVE A85905253 OTHERS,64.3,,6514.64,car
6/01/2014,EFTPOS 06JAN14 EFT IS1 08:25:56 BP CONNECT EDGEWARE A85904479 OTHERS,61.1,,6835.61,car
10/03/2014,EFTPOS 09MAR14 EFT IS1 11:09:19 MOBIL BEALEY AVE A85903353 OTHERS,50.25,,7324.62,car
9/05/2014,EFTPOS 09MAY14 EFT IS1 21:42:08 Z MOORHOUSE A85902807 OTHERS,70.88,,9834.57,car
9/05/2014,EFTPOS 09MAY14 EFT IS1 22:33:19 MOBIL HAGLEY SOUTH A85902852 OTHERS,41.18,,9793.39,car
10/04/2014,EFTPOS 10APR14 EFT IS1 08:35:49 MOBIL BEALEY AVE A85900152 OTHERS,67.51,,9602.6,car
13/02/2014,EFTPOS 13FEB14 EFT IS1 18:43:53 MOBIL BEALEY AVE A85902522 OTHERS,69.17,,7130.02,car
16/12/2013,EFTPOS 15DEC13 EFT IS1 14:51:50 MOBIL BEALEY AVE A85904454 OTHERS,55.14,,6044.89,car
16/06/2014,EFTPOS 15JUN14 EFT IS1 08:33:47 CALTEX REDWOOD A85902720 OTHERS,68.4,,9678.7,car
16/06/2014,EFTPOS 15JUN14 EFT IS1 18:50:26 CALTEX CRANFORD STREET A85904385 OTHERS,53.2,,9560.7,car
15/05/2014,EFTPOS 15MAY14 EFT IS1 09:00:26 MOBIL PREBBLETON A85900195 OTHERS,30.3,,9109.43,car
16/01/2014,EFTPOS 16JAN14 EFT IS1 09:48:05 BP CONNECT EDGEWARE A85900245 OTHERS,69.34,,7498.19,car
17/02/2014,EFTPOS 17FEB14 EFT IS1 19:51:14 BP CONNECT EDGEWARE A85907373 OTHERS,78,,6701.89,car
19/05/2014,EFTPOS 17MAY14 EFT IS1 15:54:28 CALTEX RAETIHI A85901981 OTHERS,31.9,,8527.16,car
18/12/2013,EFTPOS 18DEC13 EFT IS1 12:20:12 BP 2GO WHAKAPARA A85901004 OTHERS,3.4,,7663.69,car
20/01/2014,EFTPOS 19JAN14 EFT IS1 13:59:27 BP 2GO KAIKOURA A85903845 OTHERS,85.91,,6910.7,car
19/05/2014,EFTPOS 19MAY14 EFT IS1 17:02:56 CALTEX WOODVILLE A85906633 OTHERS,40,,8434.16,car
20/05/2014,EFTPOS 20MAY14 EFT IS1 15:19:24 Z BROADWAY A85901490 OTHERS,63,,8059.56,car
20/05/2014,EFTPOS 20MAY14 EFT IS1 19:01:55 CIAL - CARPARK A85902097 OTHERS,5,,8035.66,car
21/02/2014,EFTPOS 21FEB14 EFT IS1 22:58:16 MOBIL BEALEY AVE A85903178 OTHERS,38.2,,6543.29,car
21/03/2014,EFTPOS 21MAR14 EFT IS1 09:09:44 MOBIL PREBBLETON A85900202 OTHERS,20.04,,7799.91,car
21/05/2014,EFTPOS 21MAY14 EFT IS1 08:28:02 MOBIL BEALEY AVE A85900104 OTHERS,76.83,,7958.83,car
24/03/2014,EFTPOS 23MAR14 EFT IS1 13:02:43 CALTEX LINCOLN ROAD A85903733 OTHERS,71.24,,7600.84,car
28/04/2014,EFTPOS 25APR14 EFT IS1 10:55:48 Z ADDINGTON A85900216 OTHERS,51.26,,9460.41,car
27/12/2013,EFTPOS 25DEC13 EFT IS1 22:43:08 CIAL - CARPARK A85900329 OTHERS,5,,6399.71,car
26/02/2014,EFTPOS 26FEB14 EFT IS1 18:41:25 MOBIL BEALEY AVE A85902299 OTHERS,72.28,,8054.42,car
27/01/2014,EFTPOS 27JAN14 EFT IS1 09:58:59 BP CONNECT EDGEWARE A85905046 OTHERS,60.9,,6203.48,car
28/05/2014,EFTPOS 28MAY14 EFT IS1 05:28:33 CHCH AIRPORT CARPARK A85900033 OTHERS,5,,9299.03,car
29/05/2014,EFTPOS 29MAY14 EFT IS1 09:44:58 MOBIL PREBBLETON A85900281 OTHERS,35.61,,8797.42,car
30/12/2013,EFTPOS 30DEC13 EFT IS1 14:06:02 OMARAMA SERVICE STATIO A85905592 OTHERS,70.75,,6088.65,car
6/06/2014,RUFFAULT J 000007367099 AA Insurance Limited 1204578 ZINC01358 DISKETTE,14.38,,10080.48,car
6/12/2013,RUFFAULT J 000007367099 AA Insurance Limited 1204578 ZINC01392 DISKETTE,14.38,,7023.42,car
9/05/2014,RUFFAULT J 000007367099 AA Insurance Limited 1204578 ZINC01395 DISKETTE,14.38,,9905.45,car
11/04/2014,RUFFAULT J 000007367099 AA Insurance Limited 1204578 ZINC01432 DISKETTE,14.38,,9333.97,car
14/03/2014,RUFFAULT J 000007367099 AA Insurance Limited 1204578 ZINC01470 DISKETTE,14.38,,8519.71,car
14/02/2014,RUFFAULT J 000007367099 AA Insurance Limited 1204578 ZINC01509 DISKETTE,14.38,,7080.84,car
17/01/2014,RUFFAULT J 000007367099 AA Insurance Limited 1204578 ZINC01759 DISKETTE,14.38,,7238.81,car
23/05/2014,RUFFAULT J 000007367099 AA Insurance Limited 1204578 ZINC02161 DISKETTE,14.38,,9710.73,car
28/03/2014,RUFFAULT J 000007367099 AA Insurance Limited 1204578 ZINC02338 DISKETTE,14.38,,8698.98,car
31/01/2014,RUFFAULT J 000007367099 AA Insurance Limited 1204578 ZINC03120 DISKETTE,14.38,,7046.74,car
3/01/2014,RUFFAULT J 000007367099 AA Insurance Limited 1204578 ZINC03203 DISKETTE,14.38,,6979.76,car
28/02/2014,RUFFAULT J 000007367099 AA Insurance Limited 1204578 ZINC03466 DISKETTE,14.38,,7926.32,car
28/04/2014,RUFFAULT J 000007367099 AA Insurance Limited 1204578 ZINC04314 DISKETTE,14.38,,8994.63,car
20/12/2013,RUFFAULT J 000007367099 AA Insurance Limited 1204578 ZINC07367 DISKETTE,14.38,,7075.47,car
30/01/2014,TRANSFER LP NZMA76604 HIB- 267916X143302 tower insurance Tower insurance 0301040188327008 claim 28932584 IB0685761 INTERNET BANKING,362.25,,7311.12,car
3/03/2014,TRANSFER LP NZMA96008 HIB- 267824X330104 BP fuel rolleston BP connection Rolleston 0105050278059001 DJ763012131 TO4164 Rolleston IB0317771 INTERNET BANKING,98.7,,7580.88,car
31/03/2014,INTEREST CREDIT INTEREST ZDD400002 SYSTEM GENERATED,,2.71,8573.47,credits
30/05/2014,INTEREST CREDIT INTEREST ZDD400002 SYSTEM GENERATED,,3,8775.69,credits
31/12/2013,INTEREST CREDIT INTEREST ZDD400006 SYSTEM GENERATED,,2.28,7510.74,credits
28/02/2014,INTEREST CREDIT INTEREST ZDD400007 SYSTEM GENERATED,,2.03,7869.38,credits
31/01/2014,INTEREST CREDIT INTEREST ZDD400008 SYSTEM GENERATED,,2.32,7049.06,credits
30/04/2014,INTEREST CREDIT INTEREST ZDD450016 SYSTEM GENERATED,,2.89,8837.02,credits
4/12/2013,EFTPOS 04DEC13 EFT IS1 16:54:59 MERIVALE OSTEOPATHS A85901992 OTHERS,70,,7405.31,doctor
13/12/2013,EFTPOS 13DEC13 EFT IS1 15:07:06 MERIVALE OSTEOPATHS A85902028 OTHERS,70,,6267.53,doctor
2/12/2013,EFTPOS 01DEC13 EFT IS1 15:40:41 COFFEE CULTURE SUMNER A85904546 OTHERS,8.8,,5713.8,food&drinks
3/02/2014,EFTPOS 01FEB14 EFT IS1 14:49:27 PIAZZA A85901742 OTHERS,30,,6675.28,food&drinks
3/02/2014,EFTPOS 01FEB14 EFT IS1 15:33:18 HUMMINGBIRD COFFEE CEN A85901942 OTHERS,7.6,,6667.68,food&drinks
3/06/2014,EFTPOS 01JUN14 EFT IS1 18:47:21 RICHMOND LIQUOR CENTRE A85904652 OTHERS,36.98,,8649.04,food&drinks
3/03/2014,EFTPOS 01MAR14 EFT IS1 14:03:39 C1 ESPRESSO LTD A85901545 OTHERS,9,,7860.38,food&drinks
3/03/2014,EFTPOS 01MAR14 EFT IS1 22:56:49 WUNDERBAR A85902976 OTHERS,13,,7787.38,food&drinks
1/05/2014,EFTPOS 01MAY14 EFT IS1 09:24:34 MRS O'S CAFE & BAR A85900179 OTHERS,3,,8589.02,food&drinks
1/05/2014,EFTPOS 01MAY14 EFT IS1 20:09:44 SMASH PALACE A85902411 OTHERS,22,,8567.02,food&drinks
2/04/2014,EFTPOS 02APR14 EFT IS1 12:20:19 MRS O'S CAFE & BAR A85900783 OTHERS,5,,8458.52,food&drinks
2/04/2014,EFTPOS 02APR14 EFT IS1 12:35:33 MRS O'S CAFE & BAR A85900869 OTHERS,3,,8455.52,food&drinks
2/04/2014,EFTPOS 02APR14 EFT IS1 19:52:52 SMASH PALACE A85902278 OTHERS,18,,8437.52,food&drinks
2/04/2014,EFTPOS 02APR14 EFT IS1 21:03:31 SMASH PALACE A85902352 OTHERS,55,,8382.52,food&drinks
3/02/2014,EFTPOS 02FEB14 EFT IS1 00:40:07 SMASH PALACE A85903023 OTHERS,10,,6614.94,food&drinks
3/02/2014,EFTPOS 02FEB14 EFT IS1 12:02:14 BEAT STREET A85903547 OTHERS,36,,6578.94,food&drinks
3/01/2014,EFTPOS 02JAN14 EFT IS1 14:52:04 E-CENTRAL CAFE A85902349 OTHERS,8,,7424.14,food&drinks
3/01/2014,EFTPOS 02JAN14 EFT IS1 19:37:19 STUART STREET MACS BRE A85903063 OTHERS,17,,7407.14,food&drinks
3/03/2014,EFTPOS 02MAR14 EFT IS1 00:19:45 BLACK BETTY A85903001 OTHERS,31,,7756.38,food&drinks
3/03/2014,EFTPOS 02MAR14 EFT IS1 02:50:12 WUNDERBAR A85903032 OTHERS,11,,7745.38,food&drinks
3/03/2014,EFTPOS 02MAR14 EFT IS1 14:47:36 COFFEE CULTURE SUMNER A85904280 OTHERS,3.9,,7692.48,food&drinks
3/03/2014,EFTPOS 02MAR14 EFT IS1 16:29:13 C1 ESPRESSO LTD A85904637 OTHERS,12.9,,7679.58,food&drinks
2/05/2014,EFTPOS 02MAY14 EFT IS1 08:57:13 ADDINGTON COFFEE CO-OP A85900181 OTHERS,15.4,,8551.62,food&drinks
3/04/2014,EFTPOS 03APR14 EFT IS1 09:12:43 MRS O'S CAFE & BAR A85900217 OTHERS,3,,8134.52,food&drinks
3/04/2014,EFTPOS 03APR14 EFT IS1 12:16:34 MRS O'S CAFE & BAR A85900819 OTHERS,5,,8129.52,food&drinks
3/04/2014,EFTPOS 03APR14 EFT IS1 12:47:20 MRS O'S CAFE & BAR A85900972 OTHERS,3,,8126.52,food&drinks
3/04/2014,EFTPOS 03APR14 EFT IS1 18:33:37 C1 ESPRESSO LTD A85902154 OTHERS,15.4,,8111.12,food&drinks
3/04/2014,EFTPOS 03APR14 EFT IS1 20:21:33 C1 ESPRESSO LTD A85902385 OTHERS,9,,8102.12,food&drinks
3/12/2013,EFTPOS 03DEC13 EFT IS1 08:58:30 COFFEE CULTURE AIRPORT A85900185 OTHERS,3.9,,5709.9,food&drinks
3/12/2013,EFTPOS 03DEC13 EFT IS1 21:20:09 TOMI JAPANESE RESTAURA A85902556 OTHERS,22,,5647.9,food&drinks
3/01/2014,EFTPOS 03JAN14 EFT IS1 13:10:51 THE PORTOBELLO GALLERY A85904319 OTHERS,20,,7002.14,food&drinks
3/01/2014,EFTPOS 03JAN14 EFT IS1 13:16:12 PENGUIN CAFE PORTOBELL A85904348 OTHERS,8,,6994.14,food&drinks
3/06/2014,EFTPOS 03JUN14 EFT IS1 20:50:33 CARGO BAR A85908755 OTHERS,21.5,,8379.12,food&drinks
3/03/2014,EFTPOS 03MAR14 EFT IS1 10:17:10 MRS O'S CAFE & BAR A85905583 OTHERS,3,,7577.88,food&drinks
4/04/2014,EFTPOS 04APR14 EFT IS1 13:11:53 MRS O'S CAFE & BAR A85901187 OTHERS,8,,8094.12,food&drinks
4/04/2014,EFTPOS 04APR14 EFT IS1 13:32:37 MRS O'S CAFE & BAR A85901276 OTHERS,3,,8091.12,food&drinks
4/04/2014,EFTPOS 04APR14 EFT IS1 19:55:15 GAP FILLER A85902696 OTHERS,8.5,,8082.62,food&drinks
4/04/2014,EFTPOS 04APR14 EFT IS1 21:44:12 SMASH PALACE A85902873 OTHERS,33,,8049.62,food&drinks
4/12/2013,EFTPOS 04DEC13 EFT IS1 08:47:46 MRS O'S CAFE & BAR A85900145 OTHERS,7.3,,5640.6,food&drinks
4/12/2013,EFTPOS 04DEC13 EFT IS1 13:27:00 MRS O'S CAFE & BAR A85901172 OTHERS,5.6,,5635,food&drinks
4/12/2013,EFTPOS 04DEC13 EFT IS1 21:46:43 SMASH PALACE A85902542 OTHERS,6,,7373.21,food&drinks
6/01/2014,EFTPOS 04JAN14 EFT IS1 16:38:08 Z CAROLINE BAY A85901702 OTHERS,3.5,,6896.71,food&drinks
4/06/2014,EFTPOS 04JUN14 EFT IS1 12:16:54 MRS O'S CAFE & BAR A85900764 OTHERS,7.5,,8371.62,food&drinks
4/06/2014,EFTPOS 04JUN14 EFT IS1 18:18:29 VOLSTEAD TRADING COMPA A85902029 OTHERS,9,,10208.69,food&drinks
4/06/2014,EFTPOS 04JUN14 EFT IS1 18:35:44 VOLSTEAD TRADING COMPA A85902064 OTHERS,12,,10196.69,food&drinks
4/06/2014,EFTPOS 04JUN14 EFT IS1 20:00:38 VOLSTEAD TRADING COMPA A85902176 OTHERS,9,,10187.69,food&drinks
4/06/2014,EFTPOS 04JUN14 EFT IS1 22:14:17 VOLSTEAD TRADING COMPA A85902286 OTHERS,12,,10175.69,food&drinks
7/04/2014,EFTPOS 05APR14 EFT IS1 11:07:24 BLACK BETTY A85900546 OTHERS,23.9,,8025.72,food&drinks
7/04/2014,EFTPOS 05APR14 EFT IS1 13:01:18 MEDITERRANEAN FOOD CO A85901111 OTHERS,35.35,,7990.37,food&drinks
5/12/2013,EFTPOS 05DEC13 EFT IS1 19:29:45 SAMURAI BOWL A85902439 OTHERS,19.5,,7037.8,food&drinks
5/02/2014,EFTPOS 05FEB14 EFT IS1 11:49:54 MRS O'S CAFE & BAR A85900774 OTHERS,7.8,,6235.71,food&drinks
5/06/2014,EFTPOS 05JUN14 EFT IS1 09:11:03 ADDINGTON COFFEE CO-OP A85900198 OTHERS,7.5,,10168.19,food&drinks
5/06/2014,EFTPOS 05JUN14 EFT IS1 12:33:41 MRS O'S CAFE & BAR A85900843 OTHERS,5.8,,10162.39,food&drinks
5/06/2014,EFTPOS 05JUN14 EFT IS1 15:03:52 MRS O'S CAFE & BAR A85901459 OTHERS,3,,10159.39,food&drinks
5/03/2014,EFTPOS 05MAR14 EFT IS1 20:46:37 DARKROOM BAR A85902285 OTHERS,12,,7547.07,food&drinks
5/03/2014,EFTPOS 05MAR14 EFT IS1 21:06:05 DARKROOM BAR A85902309 OTHERS,7,,7540.07,food&drinks
5/03/2014,EFTPOS 05MAR14 EFT IS1 22:43:37 DARKROOM BAR A85902373 OTHERS,8,,7532.07,food&drinks
5/05/2014,EFTPOS 05MAY14 EFT IS1 09:17:40 MRS O'S CAFE & BAR A85904975 OTHERS,3,,8453.76,food&drinks
7/04/2014,EFTPOS 06APR14 EFT IS1 13:26:07 NUTS & FRUITS A85903960 OTHERS,23.97,,7859.04,food&drinks
6/12/2013,EFTPOS 06DEC13 EFT IS1 22:20:54 DARKROOM BAR A85903174 OTHERS,9.5,,7013.92,food&drinks
7/02/2014,EFTPOS 06FEB14 EFT IS1 11:56:33 ARCADIA CAFE A85900557 OTHERS,39,,6196.71,food&drinks
7/02/2014,EFTPOS 06FEB14 EFT IS1 12:41:52 TWL 182 MOTUEKA A85900719 OTHERS,1,,6195.71,food&drinks
6/01/2014,EFTPOS 06JAN14 EFT IS1 09:56:28 MRS O'S CAFE & BAR A85904630 OTHERS,4.5,,6831.11,food&drinks
6/01/2014,EFTPOS 06JAN14 EFT IS1 19:51:56 SAMURAI BOWL A85906677 OTHERS,23,,6808.11,food&drinks
6/06/2014,EFTPOS 06JUN14 EFT IS1 12:29:44 MRS O'S CAFE & BAR A85900899 OTHERS,5.8,,10094.86,food&drinks
6/06/2014,EFTPOS 06JUN14 EFT IS1 19:44:55 HENRYS TOWER JUNCTION A85902480 OTHERS,54.68,,10025.8,food&drinks
6/03/2014,EFTPOS 06MAR14 EFT IS1 12:41:51 MRS O'S CAFE & BAR A85901008 OTHERS,7.5,,7524.57,food&drinks
6/05/2014,EFTPOS 06MAY14 EFT IS1 12:25:34 MRS O'S CAFE & BAR A85900767 OTHERS,5,,8448.76,food&drinks
6/05/2014,EFTPOS 06MAY14 EFT IS1 12:46:57 MRS O'S CAFE & BAR A85900849 OTHERS,3.8,,8444.96,food&drinks
6/05/2014,EFTPOS 06MAY14 EFT IS1 18:14:02 New York Deli A85901957 OTHERS,6.9,,8438.06,food&drinks
6/05/2014,EFTPOS 06MAY14 EFT IS1 18:32:46 DUX LIVE A85902002 OTHERS,8.5,,8429.56,food&drinks
6/05/2014,EFTPOS 06MAY14 EFT IS1 21:20:27 CARGO BAR A85902171 OTHERS,8.5,,8421.06,food&drinks
7/04/2014,EFTPOS 07APR14 EFT IS1 12:03:43 MRS O'S CAFE & BAR A85905787 OTHERS,13,,7846.04,food&drinks
7/01/2014,EFTPOS 07JAN14 EFT IS1 08:31:03 BEAT STREET A85900100 OTHERS,15.5,,6792.61,food&drinks
7/01/2014,EFTPOS 07JAN14 EFT IS1 12:45:34 MRS O'S CAFE & BAR A85900929 OTHERS,8,,6784.61,food&drinks
9/06/2014,EFTPOS 07JUN14 EFT IS1 19:54:18 HENRYS TOWER JUNCTION A85902571 OTHERS,18.48,,9804.39,food&drinks
9/06/2014,EFTPOS 07JUN14 EFT IS1 22:42:31 DARKROOM BAR A85902751 OTHERS,16,,9788.39,food&drinks
7/03/2014,EFTPOS 07MAR14 EFT IS1 08:52:39 MRS O'S CAFE & BAR A85900188 OTHERS,3,,7521.57,food&drinks
7/03/2014,EFTPOS 07MAR14 EFT IS1 13:24:17 MRS O'S CAFE & BAR A85901262 OTHERS,6,,7515.57,food&drinks
7/03/2014,EFTPOS 07MAR14 EFT IS1 17:22:04 MRS O'S CAFE & BAR A85902250 OTHERS,5,,7510.57,food&drinks
7/03/2014,EFTPOS 07MAR14 EFT IS1 21:37:43 SMASH PALACE A85902889 OTHERS,22,,7488.57,food&drinks
7/03/2014,EFTPOS 07MAR14 EFT IS1 23:27:32 SMASH PALACE A85902960 OTHERS,8,,7440.87,food&drinks
7/05/2014,EFTPOS 07MAY14 EFT IS1 18:07:31 CORIANDERS EDGEWARE A85901971 OTHERS,35.1,,10232.03,food&drinks
9/06/2014,EFTPOS 08JUN14 EFT IS1 10:34:32 ADDINGTON COFFEE CO-OP A85903032 OTHERS,14.4,,9773.99,food&drinks
9/06/2014,EFTPOS 08JUN14 EFT IS1 11:22:41 ADDINGTON COFFEE CO-OP A85903153 OTHERS,5.99,,9768,food&drinks
9/06/2014,EFTPOS 08JUN14 EFT IS1 16:45:06 SMASH PALACE A85904308 OTHERS,6,,9762,food&drinks
10/03/2014,EFTPOS 08MAR14 EFT IS1 20:33:19 VBASE VENUE & EVENTS A85902808 OTHERS,4,,7418.37,food&drinks
10/03/2014,EFTPOS 08MAR14 EFT IS1 23:36:10 DARKROOM BAR A85902935 OTHERS,30,,7388.37,food&drinks
8/05/2014,EFTPOS 08MAY14 EFT IS1 12:43:13 MRS O'S CAFE & BAR A85900912 OTHERS,10,,9977.03,food&drinks
9/04/2014,EFTPOS 09APR14 EFT IS1 19:11:02 SMASH PALACE A85902192 OTHERS,8,,9684.11,food&drinks
9/04/2014,EFTPOS 09APR14 EFT IS1 19:40:05 SMASH PALACE A85902238 OTHERS,14,,9670.11,food&drinks
10/02/2014,EFTPOS 09FEB14 EFT IS1 14:40:49 THE RED BERET CAFE A85903968 OTHERS,31.5,,5780.24,food&drinks
10/02/2014,EFTPOS 09FEB14 EFT IS1 20:51:27 SMASH PALACE A85904822 OTHERS,58,,5722.24,food&drinks
9/01/2014,EFTPOS 09JAN14 EFT IS1 12:21:43 MRS O'S CAFE & BAR A85900822 OTHERS,13.6,,6741.35,food&drinks
9/06/2014,EFTPOS 09JUN14 EFT IS1 15:05:46 MRS O'S CAFE & BAR A85906028 OTHERS,3,,10254.2,food&drinks
10/03/2014,EFTPOS 09MAR14 EFT IS1 00:05:46 DARKROOM BAR A85902946 OTHERS,13.5,,7374.87,food&drinks
10/03/2014,EFTPOS 09MAR14 EFT IS1 12:23:16 THE CORNERSHOP BISTRO A85903596 OTHERS,46,,7278.62,food&drinks
9/05/2014,EFTPOS 09MAY14 EFT IS1 09:23:58 MRS O'S CAFE & BAR A85900251 OTHERS,3,,9922.83,food&drinks
9/05/2014,EFTPOS 09MAY14 EFT IS1 15:03:36 MRS O'S CAFE & BAR A85901627 OTHERS,3,,9919.83,food&drinks
10/04/2014,EFTPOS 10APR14 EFT IS1 09:26:08 MRS O'S CAFE & BAR A85900258 OTHERS,3,,9599.6,food&drinks
10/04/2014,EFTPOS 10APR14 EFT IS1 12:21:36 MRS O'S CAFE & BAR A85901124 OTHERS,5,,9594.6,food&drinks
10/04/2014,EFTPOS 10APR14 EFT IS1 21:43:17 SHOP EIGHT A85902659 OTHERS,146,,9448.6,food&drinks
10/04/2014,EFTPOS 10APR14 EFT IS1 22:08:33 SMASH PALACE A85902680 OTHERS,17,,9431.6,food&drinks
10/12/2013,EFTPOS 10DEC13 EFT IS1 08:53:00 MRS O'S CAFE & BAR A85900173 OTHERS,2.8,,6728.83,food&drinks
10/12/2013,EFTPOS 10DEC13 EFT IS1 19:31:36 SAMURAI BOWL A85902522 OTHERS,44.3,,6684.53,food&drinks
10/02/2014,EFTPOS 10FEB14 EFT IS1 21:13:00 CORIANDERS EDGEWARE A85907172 OTHERS,35.1,,5687.14,food&drinks
10/01/2014,EFTPOS 10JAN14 EFT IS1 20:49:37 SMASH PALACE A85902656 OTHERS,10,,6222.24,food&drinks
10/01/2014,EFTPOS 10JAN14 EFT IS1 20:58:50 SMASH PALACE A85902668 OTHERS,22,,6200.24,food&drinks
10/01/2014,EFTPOS 10JAN14 EFT IS1 22:21:28 SMASH PALACE A85902749 OTHERS,16,,6184.24,food&drinks
10/01/2014,EFTPOS 10JAN14 EFT IS1 23:39:52 SMASH PALACE A85902778 OTHERS,8,,6176.24,food&drinks
10/06/2014,EFTPOS 10JUN14 EFT IS1 08:45:24 ADDINGTON COFFEE CO-OP A85900121 OTHERS,19.7,,10184.5,food&drinks
10/06/2014,EFTPOS 10JUN14 EFT IS1 21:24:16 CARGO BAR A85901904 OTHERS,10,,10174.5,food&drinks
10/06/2014,EFTPOS 10JUN14 EFT IS1 21:32:39 CARGO BAR A85901907 OTHERS,4,,10170.5,food&drinks
10/03/2014,EFTPOS 10MAR14 EFT IS1 09:00:48 MRS O'S CAFE & BAR A85905327 OTHERS,5.5,,7169.78,food&drinks
10/03/2014,EFTPOS 10MAR14 EFT IS1 12:03:58 MRS O'S CAFE & BAR A85905894 OTHERS,7.5,,7162.28,food&drinks
12/05/2014,EFTPOS 10MAY14 EFT IS1 00:45:28 SMASH PALACE A85900058 OTHERS,16,,9777.39,food&drinks
12/05/2014,EFTPOS 10MAY14 EFT IS1 13:16:32 BEAT STREET CAFE A85901302 OTHERS,45,,9732.39,food&drinks
11/04/2014,EFTPOS 11APR14 EFT IS1 20:13:13 VOLSTEAD TRADING COMPA A85902844 OTHERS,53,,9280.97,food&drinks
11/04/2014,EFTPOS 11APR14 EFT IS1 22:38:33 VOLSTEAD TRADING COMPA A85902999 OTHERS,12,,9268.97,food&drinks
11/12/2013,EFTPOS 11DEC13 EFT IS1 13:44:56 THE LOTUS HEART A85901342 OTHERS,33.3,,6613.83,food&drinks
11/02/2014,EFTPOS 11FEB14 EFT IS1 10:45:53 MRS O'S CAFE & BAR A85900406 OTHERS,3.8,,5666.75,food&drinks
11/02/2014,EFTPOS 11FEB14 EFT IS1 21:20:45 CARGO BAR A85902410 OTHERS,30,,5636.75,food&drinks
13/01/2014,EFTPOS 11JAN14 EFT IS1 15:01:36 BEAT STREET A85901565 OTHERS,15.5,,6160.74,food&drinks
13/01/2014,EFTPOS 11JAN14 EFT IS1 15:38:32 BEAT STREET A85901712 OTHERS,8.5,,6152.24,food&drinks
11/06/2014,EFTPOS 11JUN14 EFT IS1 12:04:02 MRS O'S CAFE & BAR A85900662 OTHERS,7.5,,10163,food&drinks
11/03/2014,EFTPOS 11MAR14 EFT IS1 13:32:16 MRS O'S CAFE & BAR A85901211 OTHERS,6,,7156.28,food&drinks
11/03/2014,EFTPOS 11MAR14 EFT IS1 18:38:23 SOUTHERN ASIAN RESTAUR A85902227 OTHERS,23,,7133.28,food&drinks
11/03/2014,EFTPOS 11MAR14 EFT IS1 21:31:53 CARGO BAR A85902465 OTHERS,18.5,,7054.78,food&drinks
12/05/2014,EFTPOS 11MAY14 EFT IS1 11:41:42 THE SHEFFIELD PIE SHOP A85903536 OTHERS,17.5,,9525.65,food&drinks
12/05/2014,EFTPOS 11MAY14 EFT IS1 19:26:24 SMASH PALACE A85904958 OTHERS,24,,9501.65,food&drinks
14/04/2014,EFTPOS 12APR14 EFT IS1 23:31:14 DARKROOM BAR A85902941 OTHERS,9.5,,9228.84,food&drinks
12/12/2013,EFTPOS 12DEC13 EFT IS1 12:22:57 MRS O'S CAFE & BAR A85900996 OTHERS,10.9,,6546.03,food&drinks
12/12/2013,EFTPOS 12DEC13 EFT IS1 18:37:13 FAMOUS GROUSE A85902556 OTHERS,6.5,,6539.53,food&drinks
12/12/2013,EFTPOS 12DEC13 EFT IS1 22:40:38 COOK N WITH GAS A85902947 OTHERS,202,,6337.53,food&drinks
12/02/2014,EFTPOS 12FEB14 EFT IS1 08:52:33 MRS O'S CAFE & BAR A85900146 OTHERS,5.6,,5386.15,food&drinks
12/02/2014,EFTPOS 12FEB14 EFT IS1 11:53:27 MRS O'S CAFE & BAR A85900668 OTHERS,8,,5378.15,food&drinks
13/01/2014,EFTPOS 12JAN14 EFT IS1 09:40:36 BEAT STREET A85902725 OTHERS,18,,6061.34,food&drinks
12/06/2014,EFTPOS 12JUN14 EFT IS1 21:19:45 SMASH PALACE A85902311 OTHERS,8,,10010,food&drinks
12/03/2014,EFTPOS 12MAR14 EFT IS1 13:06:49 MRS O'S CAFE & BAR A85901038 OTHERS,3,,7051.78,food&drinks
13/12/2013,EFTPOS 13DEC13 EFT IS1 20:28:13 MAMACITAS A85903097 OTHERS,16,,6251.53,food&drinks
13/12/2013,EFTPOS 13DEC13 EFT IS1 21:19:27 SMASH PALACE A85903192 OTHERS,16,,6235.53,food&drinks
13/12/2013,EFTPOS 13DEC13 EFT IS1 23:23:23 SMASH PALACE A85903299 OTHERS,8,,6227.53,food&drinks
13/02/2014,EFTPOS 13FEB14 EFT IS1 21:42:41 SMASH PALACE A85902803 OTHERS,24,,7106.02,food&drinks
13/01/2014,EFTPOS 13JAN14 EFT IS1 22:07:54 CBD A85906878 OTHERS,56,,5871.72,food&drinks
13/06/2014,EFTPOS 13JUN14 EFT IS1 12:38:01 MRS O'S CAFE & BAR A85900976 OTHERS,7,,10003,food&drinks
13/06/2014,EFTPOS 13JUN14 EFT IS1 18:54:44 HENRYS TOWER JUNCTION A85902459 OTHERS,20.48,,9918.52,food&drinks
13/06/2014,EFTPOS 13JUN14 EFT IS1 19:17:21 SMASH PALACE A85902505 OTHERS,25,,9893.52,food&drinks
13/03/2014,EFTPOS 13MAR14 EFT IS1 09:02:59 MRS O'S CAFE & BAR A85900182 OTHERS,3,,8644.09,food&drinks
13/03/2014,EFTPOS 13MAR14 EFT IS1 12:19:07 MRS O'S CAFE & BAR A85900807 OTHERS,9.5,,8634.59,food&drinks
13/03/2014,EFTPOS 13MAR14 EFT IS1 18:08:30 C1 ESPRESSO LTD A85902086 OTHERS,15.4,,8619.19,food&drinks
13/03/2014,EFTPOS 13MAR14 EFT IS1 20:34:33 C1 ESPRESSO LTD A85902439 OTHERS,48.1,,8571.09,food&drinks
13/03/2014,EFTPOS 13MAR14 EFT IS1 21:45:02 DARKROOM BAR A85902511 OTHERS,16,,8555.09,food&drinks
13/05/2014,EFTPOS 13MAY14 EFT IS1 09:36:42 MRS O'S CAFE & BAR A85900191 OTHERS,3,,9498.65,food&drinks
13/05/2014,EFTPOS 13MAY14 EFT IS1 21:14:45 CARGO BAR A85902172 OTHERS,8,,9490.65,food&drinks
14/04/2014,EFTPOS 14APR14 EFT IS1 09:12:16 MRS O'S CAFE & BAR A85905210 OTHERS,3,,9195.68,food&drinks
16/12/2013,EFTPOS 14DEC13 EFT IS1 12:00:07 BEAT STREET A85901078 OTHERS,7,,6220.53,food&drinks
16/12/2013,EFTPOS 14DEC13 EFT IS1 12:04:48 BEAT STREET A85901105 OTHERS,18.5,,6202.03,food&drinks
16/12/2013,EFTPOS 14DEC13 EFT IS1 19:00:09 BEAT STREET A85902853 OTHERS,7.5,,6134.53,food&drinks
16/12/2013,EFTPOS 14DEC13 EFT IS1 19:49:48 BEAT STREET A85902932 OTHERS,34.5,,6100.03,food&drinks
14/02/2014,EFTPOS 14FEB14 EFT IS1 12:10:20 MRS O'S CAFE & BAR A85900911 OTHERS,10.8,,7095.22,food&drinks
14/02/2014,EFTPOS 14FEB14 EFT IS1 21:20:51 THAI CONTAINER A85903093 OTHERS,42.5,,7038.34,food&drinks
14/02/2014,EFTPOS 14FEB14 EFT IS1 22:03:26 SMASH PALACE A85903135 OTHERS,27,,7011.34,food&drinks
16/06/2014,EFTPOS 14JUN14 EFT IS1 10:53:10 C1 ESPRESSO LTD A85900481 OTHERS,10.4,,9883.12,food&drinks
14/03/2014,EFTPOS 14MAR14 EFT IS1 12:47:57 I SUSHI A85901122 OTHERS,21,,8534.09,food&drinks
14/03/2014,EFTPOS 14MAR14 EFT IS1 21:12:43 SMASH PALACE A85903060 OTHERS,44,,8475.71,food&drinks
14/05/2014,EFTPOS 14MAY14 EFT IS1 09:08:14 MRS O'S CAFE & BAR A85900183 OTHERS,3,,9487.65,food&drinks
14/05/2014,EFTPOS 14MAY14 EFT IS1 12:41:36 MRS O'S CAFE & BAR A85900858 OTHERS,8,,9479.65,food&drinks
15/04/2014,EFTPOS 15APR14 EFT IS1 12:05:45 MRS O'S CAFE & BAR A85900773 OTHERS,8,,8942.68,food&drinks
15/04/2014,EFTPOS 15APR14 EFT IS1 13:19:24 HILLYERS OF LINCOLN A85901149 OTHERS,14.7,,8927.98,food&drinks
15/04/2014,EFTPOS 15APR14 EFT IS1 21:37:38 CARGO BAR A85902344 OTHERS,18.5,,8909.48,food&drinks
16/12/2013,EFTPOS 15DEC13 EFT IS1 18:31:28 SUPER LIQUOR EDGEWARE A85905048 OTHERS,21.99,,6022.9,food&drinks
17/02/2014,EFTPOS 15FEB14 EFT IS1 14:56:34 THE BREWERY A85901807 OTHERS,25,,6986.34,food&drinks
17/02/2014,EFTPOS 15FEB14 EFT IS1 20:43:26 READING CINEMAS A85902702 OTHERS,20,,6890.1,food&drinks
17/02/2014,EFTPOS 15FEB14 EFT IS1 20:52:33 READING CINEMAS A85902717 OTHERS,13,,6877.1,food&drinks
15/01/2014,EFTPOS 15JAN14 EFT IS1 18:59:09 POMEROY'S A85902219 OTHERS,69,,7629.53,food&drinks
15/01/2014,EFTPOS 15JAN14 EFT IS1 19:45:31 POMEROY'S A85902288 OTHERS,12,,7617.53,food&drinks
15/01/2014,EFTPOS 15JAN14 EFT IS1 20:30:36 DARKROOM BAR A85902360 OTHERS,20,,7597.53,food&drinks
15/01/2014,EFTPOS 15JAN14 EFT IS1 22:10:02 DARKROOM BAR A85902445 OTHERS,30,,7567.53,food&drinks
16/06/2014,EFTPOS 15JUN14 EFT IS1 09:47:08 RED POST CAFE & BAR A85902803 OTHERS,8,,9670.7,food&drinks
16/06/2014,EFTPOS 15JUN14 EFT IS1 14:48:05 SPRING DELI & PIZZA A85903779 OTHERS,11.8,,9658.9,food&drinks
17/03/2014,EFTPOS 15MAR14 EFT IS1 22:34:20 DARKROOM BAR A85902536 OTHERS,10.5,,8430.81,food&drinks
15/05/2014,EFTPOS 15MAY14 EFT IS1 09:16:02 MRS O'S CAFE & BAR A85900227 OTHERS,3,,9106.43,food&drinks
15/05/2014,EFTPOS 15MAY14 EFT IS1 12:34:16 MRS O'S CAFE & BAR A85900867 OTHERS,8,,9098.43,food&drinks
15/05/2014,EFTPOS 15MAY14 EFT IS1 21:14:57 SMASH PALACE A85902424 OTHERS,8,,9090.43,food&drinks
15/05/2014,EFTPOS 15MAY14 EFT IS1 22:09:42 SMASH PALACE A85902459 OTHERS,16,,9036.13,food&drinks
16/04/2014,EFTPOS 16APR14 EFT IS1 09:55:03 C 4 COFFEE A85900299 OTHERS,13.5,,8895.98,food&drinks
16/04/2014,EFTPOS 16APR14 EFT IS1 10:16:18 C 4 COFFEE A85900360 OTHERS,8,,8887.98,food&drinks
16/04/2014,EFTPOS 16APR14 EFT IS1 13:21:21 CAFE 101 A85901144 OTHERS,6.8,,8876.18,food&drinks
16/12/2013,EFTPOS 16DEC13 EFT IS1 13:21:01 CALLIOPE ROAD CAFE A85906657 OTHERS,69.6,,5936.02,food&drinks
16/12/2013,EFTPOS 16DEC13 EFT IS1 17:21:02 THE PATRIOT DEVONPORT A85907575 OTHERS,33,,5865.58,food&drinks
16/12/2013,EFTPOS 16DEC13 EFT IS1 21:55:57 GRAND CENTRAL LIMITED A85908019 OTHERS,27,,5838.58,food&drinks
16/05/2014,EFTPOS 16MAY14 EFT IS1 06:01:30 COFFEE CULTURE AIRPORT A85900040 OTHERS,12.3,,9023.83,food&drinks
16/05/2014,EFTPOS 16MAY14 EFT IS1 14:21:35 SUSHI BI LIMITED A85901474 OTHERS,13.9,,8955.94,food&drinks
16/05/2014,EFTPOS 16MAY14 EFT IS1 19:05:18 LAUNDRY A85902472 OTHERS,20.5,,8796.49,food&drinks
16/05/2014,EFTPOS 16MAY14 EFT IS1 21:32:42 ORTEGA FISHSHACK & BAR A85902714 OTHERS,172.4,,8624.09,food&drinks
17/04/2014,EFTPOS 17APR14 EFT IS1 21:39:01 SMASH PALACE A85903014 OTHERS,22,,8605.68,food&drinks
17/04/2014,EFTPOS 17APR14 EFT IS1 22:31:33 DARKROOM BAR A85903070 OTHERS,9.5,,8596.18,food&drinks
17/12/2013,EFTPOS 17DEC13 EFT IS1 15:29:45 FAT CAMEL LIMITED A85901960 OTHERS,11.8,,5826.78,food&drinks
17/02/2014,EFTPOS 17FEB14 EFT IS1 08:12:31 HUMMINGBIRD COFFEE CEN A85905152 OTHERS,26.1,,6851,food&drinks
17/03/2014,EFTPOS 17MAR14 EFT IS1 21:07:16 NOBANNO A85907083 OTHERS,103.5,,8283.15,food&drinks
19/05/2014,EFTPOS 17MAY14 EFT IS1 08:48:57 PREFAB A85900161 OTHERS,19.5,,8604.59,food&drinks
19/05/2014,EFTPOS 17MAY14 EFT IS1 11:11:27 RIVER COTTAGE CAFE A85900590 OTHERS,15.9,,8588.69,food&drinks
22/04/2014,EFTPOS 18APR14 EFT IS1 11:29:09 BEAT STREET CAFE A85900280 OTHERS,14.37,,8581.81,food&drinks
22/04/2014,EFTPOS 18APR14 EFT IS1 18:00:36 MASTERS THEATRES CHCH A85900894 OTHERS,36.5,,8545.31,food&drinks
22/04/2014,EFTPOS 18APR14 EFT IS1 18:02:19 MASTERS THEATRES CHCH A85900896 OTHERS,8,,8537.31,food&drinks
22/04/2014,EFTPOS 18APR14 EFT IS1 21:38:18 TOMI JAPANESE RESTAURA A85901117 OTHERS,79,,8458.31,food&drinks
18/02/2014,EFTPOS 18FEB14 EFT IS1 21:30:40 CARGO BAR A85902405 OTHERS,21.5,,6680.39,food&drinks
20/01/2014,EFTPOS 18JAN14 EFT IS1 11:37:44 HISLOPS CAFE A85900715 OTHERS,34.2,,7204.61,food&drinks
20/01/2014,EFTPOS 18JAN14 EFT IS1 21:23:26 TUTI'S RESTAURANT & CA A85902747 OTHERS,128,,6996.61,food&drinks
18/03/2014,EFTPOS 18MAR14 EFT IS1 09:11:45 MRS O'S CAFE & BAR A85900178 OTHERS,3,,8280.15,food&drinks
18/03/2014,EFTPOS 18MAR14 EFT IS1 11:57:16 MRS O'S CAFE & BAR A85900656 OTHERS,5,,8275.15,food&drinks
18/03/2014,EFTPOS 18MAR14 EFT IS1 12:36:54 MRS O'S CAFE & BAR A85900847 OTHERS,3,,8272.15,food&drinks
18/03/2014,EFTPOS 18MAR14 EFT IS1 21:22:08 CARGO BAR A85902335 OTHERS,12,,8200.15,food&drinks
22/04/2014,EFTPOS 19APR14 EFT IS1 12:38:41 BLACK BETTY A85902338 OTHERS,16.4,,8441.91,food&drinks
19/02/2014,EFTPOS 19FEB14 EFT IS1 11:31:21 MRS O'S CAFE & BAR A85900610 OTHERS,8,,6672.39,food&drinks
19/02/2014,EFTPOS 19FEB14 EFT IS1 20:37:12 SMASH PALACE A85902467 OTHERS,8,,6664.39,food&drinks
19/02/2014,EFTPOS 19FEB14 EFT IS1 20:49:18 SMASH PALACE A85902477 OTHERS,37,,6627.39,food&drinks
19/02/2014,EFTPOS 19FEB14 EFT IS1 21:30:04 SMASH PALACE A85902516 OTHERS,12,,6615.39,food&drinks
20/01/2014,EFTPOS 19JAN14 EFT IS1 20:57:22 SMASH PALACE A85904809 OTHERS,17,,6873.8,food&drinks
19/03/2014,EFTPOS 19MAR14 EFT IS1 12:15:23 MRS O'S CAFE & BAR A85900699 OTHERS,11,,8189.15,food&drinks
19/03/2014,EFTPOS 19MAR14 EFT IS1 13:43:22 HILLYERS OF LINCOLN A85901133 OTHERS,5,,8184.15,food&drinks
19/03/2014,EFTPOS 19MAR14 EFT IS1 22:06:07 SMASH PALACE A85902384 OTHERS,6,,8178.15,food&drinks
19/05/2014,EFTPOS 19MAY14 EFT IS1 14:38:55 MOUNTAIN ROCKS CAFE & A85906205 OTHERS,23,,8474.16,food&drinks
19/05/2014,EFTPOS 19MAY14 EFT IS1 21:34:16 MONSOON POON A85906969 OTHERS,81,,8353.16,food&drinks
19/05/2014,EFTPOS 19MAY14 EFT IS1 21:40:36 KAFFEE EIS COURTENAY P A85906973 OTHERS,11.6,,8341.56,food&drinks
22/04/2014,EFTPOS 20APR14 EFT IS1 16:21:38 THE STAR & GARTER A85905092 OTHERS,11.5,,8361.43,food&drinks
20/12/2013,EFTPOS 20DEC13 EFT IS1 13:47:28 DOMAIN AND AYR CAFE A85901641 OTHERS,79.9,,7089.85,food&drinks
20/01/2014,EFTPOS 20JAN14 EFT IS1 12:23:37 MRS O'S CAFE & BAR A85905639 OTHERS,8,,6865.8,food&drinks
20/03/2014,EFTPOS 20MAR14 EFT IS1 09:36:21 ADDINGTON COFFEE CO-OP A85900265 OTHERS,15,,7918.15,food&drinks
20/03/2014,EFTPOS 20MAR14 EFT IS1 12:47:00 I SUSHI A85900994 OTHERS,20,,7898.15,food&drinks
20/03/2014,EFTPOS 20MAR14 EFT IS1 18:10:39 C1 ESPRESSO LTD A85902257 OTHERS,51.3,,7846.85,food&drinks
20/05/2014,EFTPOS 20MAY14 EFT IS1 14:51:49 DUKE CARVELLS TRADING A85901399 OTHERS,35,,8122.56,food&drinks
20/05/2014,EFTPOS 20MAY14 EFT IS1 16:41:16 BAR CASHIER 2 A85901773 OTHERS,18.9,,8040.66,food&drinks
22/04/2014,EFTPOS 21APR14 EFT IS1 11:02:13 BEAT STREET CAFE A85905734 OTHERS,54.6,,8306.83,food&drinks
22/04/2014,EFTPOS 21APR14 EFT IS1 17:54:22 SMASH PALACE A85907314 OTHERS,12,,8294.83,food&drinks
23/12/2013,EFTPOS 21DEC13 EFT IS1 22:17:31 THE BAY BAR & BRASSER A85903302 OTHERS,339,,6676.47,food&drinks
21/02/2014,EFTPOS 21FEB14 EFT IS1 09:12:33 MRS O'S CAFE & BAR A85900245 OTHERS,2.8,,6600.79,food&drinks
21/02/2014,EFTPOS 21FEB14 EFT IS1 12:58:41 HILLYERS OF LINCOLN A85901208 OTHERS,9.3,,6591.49,food&drinks
21/02/2014,EFTPOS 21FEB14 EFT IS1 17:12:21 MRS O'S CAFE & BAR A85902391 OTHERS,10,,6581.49,food&drinks
21/01/2014,EFTPOS 21JAN14 EFT IS1 08:59:49 MRS O'S CAFE & BAR A85900141 OTHERS,5.1,,6860.7,food&drinks
21/03/2014,EFTPOS 21MAR14 EFT IS1 08:42:44 ADDINGTON COFFEE CO-OP A85900149 OTHERS,26.9,,7819.95,food&drinks
21/03/2014,EFTPOS 21MAR14 EFT IS1 13:56:09 MRS O'S CAFE & BAR A85901468 OTHERS,6,,7793.91,food&drinks
21/03/2014,EFTPOS 21MAR14 EFT IS1 20:22:52 SUPER LIQUOR EDGEWARE A85902875 OTHERS,14.99,,7756.55,food&drinks
21/05/2014,EFTPOS 21MAY14 EFT IS1 08:51:31 ADDINGTON COFFEE CO-OP A85900132 OTHERS,16,,7942.83,food&drinks
21/05/2014,EFTPOS 21MAY14 EFT IS1 19:50:51 SMASH PALACE A85902163 OTHERS,8,,9764.11,food&drinks
21/05/2014,EFTPOS 21MAY14 EFT IS1 20:27:12 SMASH PALACE A85902200 OTHERS,17,,9747.11,food&drinks
22/04/2014,EFTPOS 22APR14 EFT IS1 15:09:38 VAN DAMS CAFE A85909235 OTHERS,18,,8276.83,food&drinks
22/04/2014,EFTPOS 22APR14 EFT IS1 15:48:35 VAN DAMS CAFE A85909382 OTHERS,7.9,,8268.93,food&drinks
22/04/2014,EFTPOS 22APR14 EFT IS1 21:41:35 CARGO BAR A85910075 OTHERS,6,,8181.41,food&drinks
22/04/2014,EFTPOS 22APR14 EFT IS1 22:11:53 CARGO BAR A85910087 OTHERS,12,,8169.41,food&drinks
23/12/2013,EFTPOS 22DEC13 EFT IS1 11:56:15 TAUPO'S INTERNET CAFE A85903997 OTHERS,3,,6673.47,food&drinks
24/02/2014,EFTPOS 22FEB14 EFT IS1 12:41:04 JOE'S GARAGE SUMNER A85901086 OTHERS,25.6,,6517.69,food&drinks
24/02/2014,EFTPOS 22FEB14 EFT IS1 14:51:02 THE CORNERSHOP BISTRO A85901790 OTHERS,9,,6468.79,food&drinks
24/02/2014,EFTPOS 22FEB14 EFT IS1 18:20:58 POMEROY'S A85902640 OTHERS,24.5,,6444.29,food&drinks
22/01/2014,EFTPOS 22JAN14 EFT IS1 18:53:48 SUPER LIQUOR EDGEWARE A85902346 OTHERS,40.6,,6774.68,food&drinks
24/03/2014,EFTPOS 22MAR14 EFT IS1 12:19:51 THE DUKES OF SANDWICH A85900860 OTHERS,12,,7744.55,food&drinks
24/03/2014,EFTPOS 22MAR14 EFT IS1 22:16:14 DARKROOM BAR A85902832 OTHERS,8,,7723.08,food&drinks
22/05/2014,EFTPOS 22MAY14 EFT IS1 12:49:02 MRS O'S CAFE & BAR A85900900 OTHERS,8,,9739.11,food&drinks
23/12/2013,EFTPOS 23DEC13 EFT IS1 13:51:24 THE RIVER KITCHEN A85907723 OTHERS,27.5,,6617.97,food&drinks
23/12/2013,EFTPOS 23DEC13 EFT IS1 14:20:42 THE RIVER KITCHEN A85907924 OTHERS,18.5,,6599.47,food&drinks
24/02/2014,EFTPOS 23FEB14 EFT IS1 16:57:43 BEACH BAR A85904719 OTHERS,16,,6368.29,food&drinks
23/01/2014,EFTPOS 23JAN14 EFT IS1 10:14:45 MRS O'S CAFE & BAR A85900381 OTHERS,2.8,,6771.88,food&drinks
23/01/2014,EFTPOS 23JAN14 EFT IS1 12:33:07 MRS O'S CAFE & BAR A85900965 OTHERS,4,,6767.88,food&drinks
24/03/2014,EFTPOS 23MAR14 EFT IS1 12:13:55 ADDINGTON COFFEE CO-OP A85903519 OTHERS,51,,7672.08,food&drinks
23/05/2014,EFTPOS 23MAY14 EFT IS1 09:22:35 MRS O'S CAFE & BAR A85900237 OTHERS,3,,9736.11,food&drinks
23/05/2014,EFTPOS 23MAY14 EFT IS1 12:36:08 MRS O'S CAFE & BAR A85900964 OTHERS,8,,9728.11,food&drinks
23/05/2014,EFTPOS 23MAY14 EFT IS1 12:52:24 MRS O'S CAFE & BAR A85901041 OTHERS,3,,9725.11,food&drinks
23/05/2014,EFTPOS 23MAY14 EFT IS1 21:50:36 WUNDERBAR A85902796 OTHERS,15,,9695.73,food&drinks
24/04/2014,EFTPOS 24APR14 EFT IS1 18:52:55 TOMMY CHANG'S BAR A85902604 OTHERS,53,,9520.67,food&drinks
24/04/2014,EFTPOS 24APR14 EFT IS1 21:50:17 CIVIL AND NAVAL LIMITE A85902883 OTHERS,9,,9511.67,food&drinks
24/12/2013,EFTPOS 24DEC13 EFT IS1 10:49:09 BEST UGLY BAGELS A85900749 OTHERS,15,,6584.47,food&drinks
24/02/2014,EFTPOS 24FEB14 EFT IS1 21:39:36 SHOP EIGHT A85907568 OTHERS,15,,6353.29,food&drinks
24/01/2014,EFTPOS 24JAN14 EFT IS1 17:47:20 MRS O'S CAFE & BAR A85902511 OTHERS,5,,6517.88,food&drinks
24/03/2014,EFTPOS 24MAR14 EFT IS1 18:04:24 C1 ESPRESSO LTD A85906990 OTHERS,17.9,,7400.65,food&drinks
26/05/2014,EFTPOS 24MAY14 EFT IS1 11:19:25 THE DUKES OF SANDWICH A85900690 OTHERS,20,,9631.84,food&drinks
27/12/2013,EFTPOS 25DEC13 EFT IS1 11:53:58 ESQUIRES COFFEE HOUSES A85900111 OTHERS,8.1,,6576.37,food&drinks
27/12/2013,EFTPOS 25DEC13 EFT IS1 12:16:24 EVENT CINEMAS QUEEN ST A85900121 OTHERS,46,,6530.37,food&drinks
27/12/2013,EFTPOS 25DEC13 EFT IS1 12:28:17 STARBUCKS AOTEA SQUARE A85900125 OTHERS,18.2,,6512.17,food&drinks
27/12/2013,EFTPOS 25DEC13 EFT IS1 12:47:34 EVENT CINEMAS QUEEN ST A85900137 OTHERS,4.6,,6507.57,food&drinks
27/12/2013,EFTPOS 25DEC13 EFT IS1 18:04:43 THE COFFEE CLUB CUSTOM A85900274 OTHERS,10.4,,6479.17,food&drinks
27/12/2013,EFTPOS 25DEC13 EFT IS1 19:35:13 TANK JUICE A85900297 OTHERS,6.1,,6404.71,food&drinks
25/02/2014,EFTPOS 25FEB14 EFT IS1 09:25:42 MRS O'S CAFE & BAR A85900237 OTHERS,3,,6350.29,food&drinks
25/02/2014,EFTPOS 25FEB14 EFT IS1 12:44:29 MRS O'S CAFE & BAR A85900947 OTHERS,10,,6340.29,food&drinks
25/02/2014,EFTPOS 25FEB14 EFT IS1 13:15:40 MRS O'S CAFE & BAR A85901103 OTHERS,3,,6337.29,food&drinks
25/02/2014,EFTPOS 25FEB14 EFT IS1 21:25:48 CARGO BAR A85902460 OTHERS,39,,6298.29,food&drinks
27/01/2014,EFTPOS 25JAN14 EFT IS1 20:58:56 SUPER LIQUOR EDGEWARE A85902687 OTHERS,8.5,,6509.38,food&drinks
25/03/2014,EFTPOS 25MAR14 EFT IS1 09:15:16 MRS O'S CAFE & BAR A85900148 OTHERS,3,,7397.65,food&drinks
25/03/2014,EFTPOS 25MAR14 EFT IS1 12:25:42 MRS O'S CAFE & BAR A85900765 OTHERS,10,,7387.65,food&drinks
25/03/2014,EFTPOS 25MAR14 EFT IS1 12:55:59 MRS O'S CAFE & BAR A85900926 OTHERS,4.8,,7382.85,food&drinks
25/03/2014,EFTPOS 25MAR14 EFT IS1 21:23:10 CARGO BAR A85902259 OTHERS,12,,7330.85,food&drinks
26/05/2014,EFTPOS 25MAY14 EFT IS1 13:16:49 BEAT STREET CAFE A85903705 OTHERS,39.5,,9452.93,food&drinks
26/05/2014,EFTPOS 25MAY14 EFT IS1 17:20:02 SMASH PALACE A85904554 OTHERS,14,,9438.93,food&drinks
26/02/2014,EFTPOS 26FEB14 EFT IS1 14:04:17 HILLYERS OF LINCOLN A85901359 OTHERS,11.9,,6286.39,food&drinks
26/02/2014,EFTPOS 26FEB14 EFT IS1 18:49:08 BEAT STREET A85902314 OTHERS,7.5,,8046.92,food&drinks
26/03/2014,EFTPOS 26MAR14 EFT IS1 08:48:23 MRS O'S CAFE & BAR A85900144 OTHERS,3,,7327.85,food&drinks
26/03/2014,EFTPOS 26MAR14 EFT IS1 11:56:00 I SUSHI A85900674 OTHERS,21.3,,7306.55,food&drinks
26/05/2014,EFTPOS 26MAY14 EFT IS1 13:29:53 MRS O'S CAFE & BAR A85905863 OTHERS,3.5,,9435.43,food&drinks
26/05/2014,EFTPOS 26MAY14 EFT IS1 21:03:09 KINJI JAPANESE RESTAUR A85906839 OTHERS,109,,9326.43,food&drinks
27/02/2014,EFTPOS 27FEB14 EFT IS1 09:01:03 MRS O'S CAFE & BAR A85900208 OTHERS,3,,8043.92,food&drinks
27/02/2014,EFTPOS 27FEB14 EFT IS1 13:22:29 MRS O'S CAFE & BAR A85901208 OTHERS,6,,8037.92,food&drinks
27/01/2014,EFTPOS 27JAN14 EFT IS1 10:32:18 MRS O'S CAFE & BAR A85905136 OTHERS,2.8,,6200.68,food&drinks
27/03/2014,EFTPOS 27MAR14 EFT IS1 18:36:28 SMASH PALACE A85902373 OTHERS,16,,8795.86,food&drinks
27/03/2014,EFTPOS 27MAR14 EFT IS1 19:53:56 SMASH PALACE A85902539 OTHERS,17,,8778.86,food&drinks
27/03/2014,EFTPOS 27MAR14 EFT IS1 21:13:03 SMASH PALACE A85902665 OTHERS,18,,8760.86,food&drinks
27/05/2014,EFTPOS 27MAY14 EFT IS1 10:54:24 ADDINGTON COFFEE CO-OP A85900393 OTHERS,22.4,,9304.03,food&drinks
28/04/2014,EFTPOS 28APR14 EFT IS1 09:10:27 MRS O'S CAFE & BAR A85906811 OTHERS,3,,9017.01,food&drinks
28/04/2014,EFTPOS 28APR14 EFT IS1 12:23:23 MRS O'S CAFE & BAR A85907420 OTHERS,5,,9012.01,food&drinks
28/04/2014,EFTPOS 28APR14 EFT IS1 12:49:35 MRS O'S CAFE & BAR A85907552 OTHERS,3,,9009.01,food&drinks
30/12/2013,EFTPOS 28DEC13 EFT IS1 19:31:59 SUPER LIQUOR EDGEWARE A85902197 OTHERS,19.49,,6198.9,food&drinks
28/02/2014,EFTPOS 28FEB14 EFT IS1 09:20:35 MRS O'S CAFE & BAR A85900266 OTHERS,3,,7940.7,food&drinks
28/02/2014,EFTPOS 28FEB14 EFT IS1 19:28:14 SUPER LIQUOR EDGEWARE A85902786 OTHERS,17.98,,7908.34,food&drinks
28/02/2014,EFTPOS 28FEB14 EFT IS1 21:03:34 SUPER LIQUOR EDGEWARE A85903016 OTHERS,22.49,,7885.85,food&drinks
28/02/2014,"EFTPOS 28FEB14 EFT IS1 22:05:47 ""MINISTRY"" & CRUZ A85903080 OTHERS",9,,7876.85,food&drinks
28/02/2014,EFTPOS 28FEB14 EFT IS1 23:31:17 REVIVAL BAR A85903131 OTHERS,9.5,,7867.35,food&drinks
28/01/2014,EFTPOS 28JAN14 EFT IS1 21:31:44 CARGO BAR A85902702 OTHERS,18,,6182.68,food&drinks
28/03/2014,EFTPOS 28MAR14 EFT IS1 12:44:27 MRS O'S CAFE & BAR A85901084 OTHERS,18,,8742.86,food&drinks
30/12/2013,EFTPOS 29DEC13 EFT IS1 14:02:53 LEGENDS CAFE A85903325 OTHERS,9,,6189.9,food&drinks
30/12/2013,EFTPOS 29DEC13 EFT IS1 19:55:56 SHAWTY'S CAFE&GOURMET A85904241 OTHERS,25.5,,6164.4,food&drinks
29/01/2014,EFTPOS 29JAN14 EFT IS1 18:44:14 BEAT STREET A85902430 OTHERS,7.5,,7740.17,food&drinks
29/01/2014,EFTPOS 29JAN14 EFT IS1 21:52:56 SMASH PALACE A85902691 OTHERS,56,,7684.17,food&drinks
31/03/2014,EFTPOS 29MAR14 EFT IS1 10:49:47 BEAT STREET A85900493 OTHERS,37,,8661.98,food&drinks
31/03/2014,EFTPOS 29MAR14 EFT IS1 21:38:14 SUPER LIQUOR EDGEWARE A85902878 OTHERS,28.98,,8597.97,food&drinks
29/05/2014,EFTPOS 29MAY14 EFT IS1 09:03:36 ADDINGTON COFFEE CO-OP A85900189 OTHERS,16,,8833.03,food&drinks
29/05/2014,EFTPOS 29MAY14 EFT IS1 12:50:09 MRS O'S CAFE & BAR A85900964 OTHERS,3,,8794.42,food&drinks
29/05/2014,EFTPOS 29MAY14 EFT IS1 22:04:47 SMASH PALACE A85902409 OTHERS,16,,8778.42,food&drinks
30/04/2014,EFTPOS 30APR14 EFT IS1 12:29:14 I SUSHI A85900830 OTHERS,12.5,,8882.13,food&drinks
30/04/2014,EFTPOS 30APR14 EFT IS1 13:10:10 MRS O'S CAFE & BAR A85901052 OTHERS,3,,8879.13,food&drinks
30/04/2014,EFTPOS 30APR14 EFT IS1 21:32:05 SMASH PALACE A85902411 OTHERS,45,,8834.13,food&drinks
30/12/2013,EFTPOS 30DEC13 EFT IS1 09:16:02 MACKENZIE COUNTRY INN A85904482 OTHERS,5,,6159.4,food&drinks
30/12/2013,EFTPOS 30DEC13 EFT IS1 22:57:06 FERGBURGER A85906818 OTHERS,25,,6063.65,food&drinks
30/01/2014,EFTPOS 30JAN14 EFT IS1 12:18:13 MRS O'S CAFE & BAR A85900946 OTHERS,10.8,,7673.37,food&drinks
30/05/2014,EFTPOS 30MAY14 EFT IS1 08:51:00 ADDINGTON COFFEE CO-OP A85900157 OTHERS,7.3,,8771.12,food&drinks
30/05/2014,EFTPOS 30MAY14 EFT IS1 13:06:50 MRS O'S CAFE & BAR A85901140 OTHERS,5,,8772.69,food&drinks
31/12/2013,EFTPOS 31DEC13 EFT IS1 22:36:59 THE EMPANADA A85902568 OTHERS,5.5,,7508.46,food&drinks
31/01/2014,EFTPOS 31JAN14 EFT IS1 17:43:05 MRS O'S CAFE & BAR A85902476 OTHERS,5,,7061.12,food&drinks
3/06/2014,EFTPOS 31MAY14 EFT IS1 10:33:23 C1 ESPRESSO LTD A85900416 OTHERS,9,,8766.69,food&drinks
3/06/2014,EFTPOS 31MAY14 EFT IS1 20:17:42 TOMMY CHANG'S BAR A85902670 OTHERS,16,,8750.69,food&drinks
3/06/2014,EFTPOS 31MAY14 EFT IS1 20:18:36 TOMMY CHANG'S BAR A85902672 OTHERS,20,,8730.69,food&drinks
3/06/2014,EFTPOS 31MAY14 EFT IS1 21:01:07 TOMMY CHANG'S BAR A85902720 OTHERS,8,,8722.69,food&drinks
3/06/2014,EFTPOS 31MAY14 EFT IS1 22:14:40 WUNDERBAR A85902776 OTHERS,7.5,,8715.19,food&drinks
20/02/2014,TRANSFER COFFEE CULTURE SUMNER 15/02/2014 NMYV00083 BANKING TERMINAL (UBT),11.8,,6603.59,food&drinks
3/02/2014,EFTPOS 01FEB14 EFT IS1 16:36:39 LIBERTY MARKET A85902215 OTHERS,42.74,,6624.94,grocery
3/06/2014,EFTPOS 01JUN14 EFT IS1 10:52:54 EDGEWARE SUPERVALUE A85903135 OTHERS,29.17,,8686.02,grocery
3/06/2014,EFTPOS 02JUN14 EFT IS1 12:25:05 EDGEWARE SUPERVALUE A85905399 OTHERS,12.7,,8585.62,grocery
3/03/2014,EFTPOS 03MAR14 EFT IS1 20:37:38 EDGEWARE SUPERVALUE A85907470 OTHERS,18.81,,7559.07,grocery
4/12/2013,EFTPOS 04DEC13 EFT IS1 19:28:14 EDGEWARE SUPERVALUE A85902378 OTHERS,26.1,,7379.21,grocery
6/01/2014,EFTPOS 04JAN14 EFT IS1 11:20:56 KARITANE GENERAL STORE A85900489 OTHERS,79.55,,6900.21,grocery
5/05/2014,EFTPOS 04MAY14 EFT IS1 16:04:34 EDGEWARE SUPERVALUE A85904252 OTHERS,34.17,,8456.76,grocery
7/04/2014,EFTPOS 05APR14 EFT IS1 17:08:22 EDGEWARE SUPERVALUE A85902198 OTHERS,9.38,,7980.99,grocery
5/06/2014,EFTPOS 05JUN14 EFT IS1 19:19:14 COUNTDOWN MOOREHOUSE A85902146 OTHERS,58.73,,10100.66,grocery
7/04/2014,EFTPOS 06APR14 EFT IS1 12:14:38 LIBERTY MARKET A85903646 OTHERS,23.49,,7957.5,grocery
7/04/2014,EFTPOS 06APR14 EFT IS1 13:00:12 COUNTDOWN MOOREHOUSE A85903858 OTHERS,74.49,,7883.01,grocery
7/02/2014,EFTPOS 06FEB14 EFT IS1 13:00:29 MOTUEKA NEW WORLD A85900797 OTHERS,20.97,,6174.74,grocery
9/12/2013,EFTPOS 07DEC13 EFT IS1 13:20:20 MARKET COMMUNITY SERVI A85901402 OTHERS,53,,6913.94,grocery
9/12/2013,EFTPOS 07DEC13 EFT IS1 19:25:45 COUNTDOWN COLOMBO STRE A85902896 OTHERS,45.35,,6868.59,grocery
8/01/2014,EFTPOS 08JAN14 EFT IS1 12:48:37 LINCOLN NEW WORLD A85900887 OTHERS,29.66,,6754.95,grocery
8/05/2014,EFTPOS 08MAY14 EFT IS1 19:44:09 EDGEWARE SUPERVALUE A85902280 OTHERS,46.2,,9930.83,grocery
9/12/2013,EFTPOS 09DEC13 EFT IS1 13:07:53 LINCOLN NEW WORLD A85906559 OTHERS,11.04,,6845.55,grocery
9/12/2013,EFTPOS 09DEC13 EFT IS1 19:19:15 COUNTDOWN NORTHLANDS A85907835 OTHERS,93.92,,6731.63,grocery
10/03/2014,EFTPOS 09MAR14 EFT IS1 13:54:01 COUNTDOWN MOOREHOUSE A85903966 OTHERS,97.65,,7180.97,grocery
10/03/2014,EFTPOS 09MAR14 EFT IS1 19:03:22 EDGEWARE SUPERVALUE A85904967 OTHERS,5.69,,7175.28,grocery
10/01/2014,EFTPOS 10JAN14 EFT IS1 13:51:52 LINCOLN NEW WORLD A85901318 OTHERS,19.11,,6232.24,grocery
12/05/2014,EFTPOS 10MAY14 EFT IS1 16:57:26 COUNTDOWN CHURCH CORNE A85902430 OTHERS,151.08,,9543.15,grocery
11/04/2014,EFTPOS 11APR14 EFT IS1 13:22:54 PIKO WHOLEFOODS A85901316 OTHERS,39.9,,9391.7,grocery
11/04/2014,EFTPOS 11APR14 EFT IS1 13:37:00 NEW WORLD STANMORE A85901391 OTHERS,43.35,,9348.35,grocery
14/04/2014,EFTPOS 12APR14 EFT IS1 21:03:28 COUNTDOWN MOOREHOUSE A85902837 OTHERS,30.63,,9238.34,grocery
13/01/2014,EFTPOS 12JAN14 EFT IS1 13:51:07 UNDERGROUND COFFEE A85903542 OTHERS,3.7,,6017.64,grocery
13/01/2014,EFTPOS 12JAN14 EFT IS1 18:23:37 COUNTDOWN NORTHLANDS A85904324 OTHERS,86.93,,5930.71,grocery
13/01/2014,EFTPOS 12JAN14 EFT IS1 18:25:00 BAKERS DELIGHT NORTHLD A85904330 OTHERS,2.99,,5927.72,grocery
14/04/2014,EFTPOS 13APR14 EFT IS1 11:13:42 EDGEWARE SUPERVALUE A85903393 OTHERS,30.16,,9198.68,grocery
14/01/2014,EFTPOS 14JAN14 EFT IS1 13:15:44 LINCOLN NEW WORLD A85901020 OTHERS,13.5,,5858.22,grocery
16/06/2014,EFTPOS 14JUN14 EFT IS1 19:29:19 PAKNSAVE MOORHOUSE A85902417 OTHERS,96.02,,9747.1,grocery
14/05/2014,EFTPOS 14MAY14 EFT IS1 18:22:12 COUNTDOWN MOOREHOUSE A85901946 OTHERS,94.92,,9384.73,grocery
16/12/2013,EFTPOS 15DEC13 EFT IS1 18:35:34 EDGEWARE SUPERVALUE A85905052 OTHERS,7.38,,6015.52,grocery
17/02/2014,EFTPOS 15FEB14 EFT IS1 15:05:43 TANNER STREET BAKERY A85901853 OTHERS,12,,6974.34,grocery
17/02/2014,EFTPOS 15FEB14 EFT IS1 18:06:14 NEW WORLD STANMORE A85902370 OTHERS,64.24,,6910.1,grocery
17/03/2014,EFTPOS 15MAR14 EFT IS1 10:39:29 EDGEWARE SUPERVALUE A85900339 OTHERS,34.4,,8441.31,grocery
16/12/2013,EFTPOS 16DEC13 EFT IS1 17:13:44 DEVONPORT NEW WORLD A85907547 OTHERS,37.44,,5898.58,grocery
17/03/2014,EFTPOS 16MAR14 EFT IS1 19:08:08 EDGEWARE SUPERVALUE A85904635 OTHERS,44.16,,8386.65,grocery
17/02/2014,EFTPOS 17FEB14 EFT IS1 18:28:58 COUNTDOWN MOOREHOUSE A85907257 OTHERS,71.11,,6779.89,grocery
19/05/2014,EFTPOS 17MAY14 EFT IS1 14:31:08 COUNTDOWN WANGANUI A85901604 OTHERS,6.18,,8566.53,grocery
22/04/2014,EFTPOS 19APR14 EFT IS1 15:11:45 COUNTDOWN MOOREHOUSE A85903213 OTHERS,8.98,,8432.93,grocery
19/12/2013,EFTPOS 19DEC13 EFT IS1 13:12:40 NEW WORLD KERIKERI A85901431 OTHERS,10.91,,7169.75,grocery
21/01/2014,EFTPOS 21JAN14 EFT IS1 19:23:23 EDGEWARE SUPERVALUE A85902287 OTHERS,45.42,,6815.28,grocery
21/03/2014,EFTPOS 21MAR14 EFT IS1 20:19:03 EDGEWARE SUPERVALUE A85902869 OTHERS,22.37,,7771.54,grocery
24/03/2014,EFTPOS 22MAR14 EFT IS1 19:44:33 EDGEWARE SUPERVALUE A85902617 OTHERS,13.47,,7731.08,grocery
23/04/2014,EFTPOS 23APR14 EFT IS1 11:42:04 COUNTDOWN MOOREHOUSE A85900615 OTHERS,94.97,,8074.44,grocery
23/04/2014,EFTPOS 23APR14 EFT IS1 12:17:06 PIKO WHOLEFOODS A85900775 OTHERS,61.28,,8013.16,grocery
23/04/2014,EFTPOS 23APR14 EFT IS1 19:57:23 EDGEWARE SUPERVALUE A85902360 OTHERS,5.59,,9853.64,grocery
24/03/2014,EFTPOS 23MAR14 EFT IS1 18:38:48 COUNTDOWN MOOREHOUSE A85904776 OTHERS,182.29,,7418.55,grocery
26/05/2014,EFTPOS 24MAY14 EFT IS1 11:08:10 RICCARTON PAK N SAVE A85900633 OTHERS,3.89,,9651.84,grocery
26/05/2014,EFTPOS 24MAY14 EFT IS1 17:37:34 PAKNSAVE MOORHOUSE A85902411 OTHERS,42.41,,9492.43,grocery
28/04/2014,EFTPOS 26APR14 EFT IS1 13:15:41 KB'S BAKERY EDGEWARE A85903082 OTHERS,11.5,,9448.91,grocery
28/04/2014,EFTPOS 27APR14 EFT IS1 12:28:40 KB'S BAKERY EDGEWARE A85905256 OTHERS,4.8,,9231.61,grocery
28/04/2014,EFTPOS 27APR14 EFT IS1 12:32:13 KB'S BAKERY EDGEWARE A85905276 OTHERS,3.1,,9228.51,grocery
28/04/2014,EFTPOS 27APR14 EFT IS1 12:33:11 KB'S BAKERY EDGEWARE A85905278 OTHERS,8.5,,9220.01,grocery
27/02/2014,EFTPOS 27FEB14 EFT IS1 18:55:45 COUNTDOWN MOOREHOUSE A85902409 OTHERS,94.22,,7943.7,grocery
29/01/2014,EFTPOS 29JAN14 EFT IS1 14:24:06 LINCOLN NEW WORLD A85901468 OTHERS,30.32,,7747.67,grocery
31/03/2014,EFTPOS 29MAR14 EFT IS1 12:55:55 COUNTDOWN MOOREHOUSE A85901106 OTHERS,35.03,,8626.95,grocery
2/12/2013,EFTPOS 30NOV13 EFT IS1 13:26:14 COUNTDOWN AVONHEAD A85901389 OTHERS,28.81,,5786.84,grocery
2/12/2013,EFTPOS 30NOV13 EFT IS1 17:30:01 NEW WORLD FENDALTON A85902432 OTHERS,24.24,,5762.6,grocery
31/03/2014,EFTPOS 31MAR14 EFT IS1 20:49:35 EDGEWARE SUPERVALUE A85907203 OTHERS,27.21,,8570.76,grocery
9/06/2014,464 m st bond refund KERERU RETREAT LIMIT 0000000 ZINC00179 DISKETTE,,500,10262,rent
31/12/2013,TRANSFER LP NZMA60195 HIB- 266558X170817 studio rent 3 nights Jenny at arrowtown 0212420549738001 studio rent IB0205402 INTERNET BANKING,390,,7513.96,rent
27/01/2014,TRANSFER LP NZMA73731 HIB- 267824X120070 Kereru Retreat Limited 1231910002685000 rent maud IB0111110 INTERNET BANKING,245,,6264.38,rent
14/04/2014,TRANSFER LP NZMB21320 HIB- 267824X590016 rent Kereru Retreat Limited 1231910002685000 rent maud IB0129067 INTERNET BANKING,245,,8950.68,rent
28/05/2014,TRANSFER LP NZMB48400 HIB- 267824X843921 2weeks rent Kereru Retreat Limited 1231910002685000 rent 2weeks IB0336168 INTERNET BANKING,450,,8849.03,rent
3/06/2014,TRANSFER LP NZMB51162 HIB- 267916X864778 rent chatham Emma Moffett 1236290082975000 rent chatham IB0440372 INTERNET BANKING,145,,8440.62,rent
11/06/2014,TRANSFER LP NZMB56669 HIB- 267824X930945 rent chatham Emma Moffet 1236290082975000 rent maud IB0611771 INTERNET BANKING,145,,10018,rent
5/12/2013,TRANSFER LP NZR419383 HIB- 256261X120245 rent maud Kereru Retreat Limited 1231910002685000 rent maud YIB182099 INTERNET BANKING,245,,7128.21,rent
3/01/2014,TRANSFER LP NZR421764 HIB- 266558X161236 rent Kereru Retreat Limited 1231910002685000 rent maud YIB186821 INTERNET BANKING,245,,7162.14,rent
10/01/2014,TRANSFER LP NZR422518 HIB- 266558X161236 rent Kereru Retreat Limited 1231910002685000 rent maud YIB188327 INTERNET BANKING,245,,6496.35,rent
10/01/2014,TRANSFER LP NZR422519 HIB- 267916X25568 rent 26thdec2013 Kereru Retreat Limited 1231910002685000 rent maud YIB188328 INTERNET BANKING,245,,6251.35,rent
17/01/2014,TRANSFER LP NZR423077 HIB- 266558X161236 rent Kereru Retreat Limited 1231910002685000 rent maud YIB189411 INTERNET BANKING,245,,7253.19,rent
24/01/2014,TRANSFER LP NZR423655 HIB- 266558X161236 rent Kereru Retreat Limited 1231910002685000 rent maud YIB190518 INTERNET BANKING,245,,6522.88,rent
29/01/2014,TRANSFER LP NZR424079 HIB- 267824X120086 Kereru Retreat Limited 1231910002685000 rent maud YIB191309 INTERNET BANKING,245,,5937.68,rent
31/01/2014,TRANSFER LP NZR424250 HIB- 266558X161236 rent Kereru Retreat Limited 1231910002685000 rent maud YIB191678 INTERNET BANKING,245,,7066.12,rent
5/02/2014,TRANSFER LP NZR424796 HIB- 267824X120086 Kereru Retreat Limited 1231910002685000 rent maud YIB192701 INTERNET BANKING,245,,6243.51,rent
7/02/2014,TRANSFER LP NZR424999 HIB- 266558X161236 rent Kereru Retreat Limited 1231910002685000 rent maud YIB193075 INTERNET BANKING,245,,5829.74,rent
12/02/2014,TRANSFER LP NZR425365 HIB- 267824X120086 Kereru Retreat Limited 1231910002685000 rent maud YIB193824 INTERNET BANKING,245,,5391.75,rent
13/03/2014,TRANSFER LP NZR428170 HIB- 267824X225576 Kereru Retreat Limited 1231910002685000 rent maud YIB199288 INTERNET BANKING,245,,8647.09,rent
20/03/2014,TRANSFER LP NZR428907 HIB- 267824X225576 Kereru Retreat Limited 1231910002685000 rent maud YIB100534 INTERNET BANKING,245,,7933.15,rent
27/03/2014,TRANSFER LP NZR430584 HIB- 267824X225576 Kereru Retreat Limited 1231910002685000 rent maud YIB101820 INTERNET BANKING,245,,8811.86,rent
3/04/2014,TRANSFER LP NZR431845 HIB- 267824X225576 Kereru Retreat Limited 1231910002685000 rent maud YIB103219 INTERNET BANKING,245,,8137.52,rent
17/04/2014,TRANSFER LP NZR432996 HIB- 267824X590039 rent Kereru Retreat Limited 1231910002685000 rent maud YIB105459 INTERNET BANKING,245,,8627.68,rent
24/04/2014,TRANSFER LP NZR433715 HIB- 267824X590039 rent Kereru Retreat Limited 1231910002685000 rent maud YIB106734 INTERNET BANKING,245,,9608.64,rent
1/05/2014,TRANSFER LP NZR434457 HIB- 267824X590039 rent Kereru Retreat Limited 1231910002685000 rent maud YIB108127 INTERNET BANKING,245,,8592.02,rent
8/05/2014,TRANSFER LP NZR435065 HIB- 267824X590039 rent Kereru Retreat Limited 1231910002685000 rent maud YIB109332 INTERNET BANKING,245,,9987.03,rent
15/05/2014,TRANSFER LP NZR435639 HIB- 267824X590039 rent Kereru Retreat Limited 1231910002685000 rent maud YIB110452 INTERNET BANKING,245,,9139.73,rent
16/06/2014,TRANSFER LP NZR438605 HIB- 267824X930963 rent chatham Camille Coux (flat) 0608790158350003 rent maud YIB115962 INTERNET BANKING,145,,9415.7,rent
18/12/2013,SALARY/WAGESBERNARD-VERD LINCOLN UNIVERSITY 0000000 ZINC00111 DISKETTE,,1840.31,7667.09,salary
31/12/2013,SALARY/WAGESBERNARD-VERD LINCOLN UNIVERSITY 0000000 ZINC00205 DISKETTE,,1840.31,7903.96,salary
12/02/2014,SALARY/WAGESBERNARD-VERD LINCOLN UNIVERSITY 0000000 ZINC00574 DISKETTE,,1840.31,7218.46,salary
4/12/2013,SALARY/WAGESBERNARD-VERD LINCOLN UNIVERSITY 0000000 ZINC00661 DISKETTE,,1840.31,7475.31,salary
26/03/2014,SALARY/WAGESBERNARD-VERD LINCOLN UNIVERSITY 0000000 ZINC00672 DISKETTE,,1840.31,9146.86,salary
4/06/2014,SALARY/WAGESBERNARD-VERD LINCOLN UNIVERSITY 0000000 ZINC00673 DISKETTE,,1846.07,10217.69,salary
9/04/2014,SALARY/WAGESBERNARD-VERD LINCOLN UNIVERSITY 0000000 ZINC00699 DISKETTE,,1846.07,9692.11,salary
7/05/2014,SALARY/WAGESBERNARD-VERD LINCOLN UNIVERSITY 0000000 ZINC00710 DISKETTE,,1846.07,10267.13,salary
29/01/2014,SALARY/WAGESBERNARD-VERD LINCOLN UNIVERSITY 0000000 ZINC00719 DISKETTE,,1840.31,7777.99,salary
15/01/2014,SALARY/WAGESBERNARD-VERD LINCOLN UNIVERSITY 0000000 ZINC00725 DISKETTE,,1840.31,7698.53,salary
12/03/2014,SALARY/WAGESBERNARD-VERD LINCOLN UNIVERSITY 0000000 ZINC00774 DISKETTE,,1840.31,8892.09,salary
26/02/2014,SALARY/WAGESBERNARD-VERD LINCOLN UNIVERSITY 0000000 ZINC00943 DISKETTE,,1840.31,8126.7,salary
21/05/2014,SALARY/WAGESBERNARD-VERD LINCOLN UNIVERSITY 0000000 ZINC00967 DISKETTE,,1846.07,9772.11,salary
23/04/2014,SALARY/WAGESBERNARD-VERD LINCOLN UNIVERSITY 0000000 ZINC01087 DISKETTE,,1846.07,9859.23,salary
3/02/2014,EFTPOS 01FEB14 EFT IS1 13:17:52 R & R SPORT A85901281 OTHERS,167.88,,6881.18,shopping
3/02/2014,EFTPOS 01FEB14 EFT IS1 14:26:17 CHCH MUSIC CTR BEGGS A85901619 OTHERS,175.9,,6705.28,shopping
3/03/2014,EFTPOS 02MAR14 EFT IS1 14:45:00 URBAN SURF LTD A85904268 OTHERS,49,,7696.38,shopping
9/12/2013,EFTPOS 07DEC13 EFT IS1 10:32:19 3 & 5 DOLLAR SHOP A85900480 OTHERS,13,,7000.92,shopping
9/12/2013,EFTPOS 07DEC13 EFT IS1 10:46:36 ACQUISITIONS A85900548 OTHERS,19.99,,6980.93,shopping
9/12/2013,EFTPOS 07DEC13 EFT IS1 11:11:33 Scorpio Books A85900691 OTHERS,13.99,,6966.94,shopping
9/06/2014,EFTPOS 07JUN14 EFT IS1 15:58:18 CHCH MUSIC CTR BEGGS A85901927 OTHERS,156,,9869.8,shopping
9/06/2014,EFTPOS 07JUN14 EFT IS1 16:19:13 SOUTH CITY PHARMACY A85901990 OTHERS,46.93,,9822.87,shopping
9/06/2014,EFTPOS 09JUN14 EFT IS1 15:03:15 LINCOLN UNI BOOKSHOP A85906020 OTHERS,4.8,,10257.2,shopping
12/05/2014,EFTPOS 10MAY14 EFT IS1 16:03:52 LINCRAFT NZ LIMITED A85902194 OTHERS,27.96,,9704.43,shopping
12/05/2014,EFTPOS 10MAY14 EFT IS1 16:06:15 THE MAIN SKEIN A85902206 OTHERS,10.2,,9694.23,shopping
11/12/2013,EFTPOS 11DEC13 EFT IS1 14:12:36 ON THE GO (NZ) LIMITED A85901484 OTHERS,39,,6574.83,shopping
11/12/2013,EFTPOS 11DEC13 EFT IS1 16:29:59 3 & 5 DOLLAR SHOP A85901993 OTHERS,3,,6571.83,shopping
11/12/2013,EFTPOS 11DEC13 EFT IS1 16:48:02 A 2 Z A85902071 OTHERS,4.9,,6566.93,shopping
11/12/2013,EFTPOS 11DEC13 EFT IS1 19:02:23 ST ALBANS MERVIVALE BO A85902445 OTHERS,5,,6561.93,shopping
11/12/2013,EFTPOS 11DEC13 EFT IS1 20:36:34 ST ALBANS MERVIVALE BO A85902601 OTHERS,5,,6556.93,shopping
11/02/2014,EFTPOS 11FEB14 EFT IS1 10:43:24 LINCOLN UNI BOOKSHOP A85900396 OTHERS,16.59,,5670.55,shopping
13/01/2014,EFTPOS 11JAN14 EFT IS1 17:07:49 Scorpio Books A85902037 OTHERS,72.9,,6079.34,shopping
13/02/2014,EFTPOS 13FEB14 EFT IS1 17:23:04 LINCOLN POST SHOP A85902283 OTHERS,19.27,,7199.19,shopping
13/06/2014,EFTPOS 13JUN14 EFT IS1 16:17:30 TRUE GRIT 2005 LIMITED A85901910 OTHERS,64,,9939,shopping
16/04/2014,EFTPOS 16APR14 EFT IS1 11:04:13 ECOSHOP A85900517 OTHERS,5,,8882.98,shopping
16/04/2014,EFTPOS 16APR14 EFT IS1 14:17:39 CHILTONS A85901363 OTHERS,3.5,,8872.68,shopping
16/12/2013,EFTPOS 16DEC13 EFT IS1 07:37:52 RELAY A85905389 OTHERS,9.9,,6005.62,shopping
16/05/2014,EFTPOS 16MAY14 EFT IS1 06:26:20 RELAY A85900044 OTHERS,26.99,,8996.84,shopping
16/05/2014,EFTPOS 16MAY14 EFT IS1 14:08:29 UNITY BOOKS A85901406 OTHERS,27,,8969.84,shopping
16/05/2014,EFTPOS 16MAY14 EFT IS1 15:08:03 BIVOUAC A85901669 OTHERS,39.95,,8915.99,shopping
19/05/2014,EFTPOS 17MAY14 EFT IS1 15:47:31 FOUR SQUARE RAETIHI A85901954 OTHERS,7.47,,8559.06,shopping
19/12/2013,EFTPOS 19DEC13 EFT IS1 12:50:16 GOLLYS LITTLE BOOKSHOP A85901293 OTHERS,6,,7680.66,shopping
20/05/2014,EFTPOS 20MAY14 EFT IS1 13:51:47 HUNTERS AND COLLECTORS A85901174 OTHERS,139,,8202.56,shopping
20/05/2014,EFTPOS 20MAY14 EFT IS1 13:56:52 HUNTERS AND COLLECTORS A85901194 OTHERS,45,,8157.56,shopping
22/04/2014,EFTPOS 22APR14 EFT IS1 16:11:22 LINCRAFT NZ LIMITED A85909451 OTHERS,30.12,,8238.81,shopping
22/04/2014,EFTPOS 22APR14 EFT IS1 16:17:38 THE MAIN SKEIN A85909476 OTHERS,10.2,,8228.61,shopping
24/02/2014,EFTPOS 22FEB14 EFT IS1 13:16:09 URBAN SURF LTD A85901286 OTHERS,30,,6487.69,shopping
24/02/2014,EFTPOS 22FEB14 EFT IS1 13:24:08 SUMMER GARDEN GIFT AND A85901320 OTHERS,9.9,,6477.79,shopping
24/04/2014,EFTPOS 24APR14 EFT IS1 10:25:52 ST ALBANS PHARMACY 199 A85900372 OTHERS,34.97,,9573.67,shopping
26/05/2014,EFTPOS 24MAY14 EFT IS1 13:21:48 J BALLANTYNE & CO A85901292 OTHERS,97,,9534.84,shopping
27/12/2013,EFTPOS 25DEC13 EFT IS1 17:02:54 CELINE A85900251 OTHERS,18,,6489.57,shopping
27/12/2013,EFTPOS 25DEC13 EFT IS1 19:32:48 RELAY A85900298 OTHERS,68.36,,6410.81,shopping
28/04/2014,EFTPOS 26APR14 EFT IS1 16:28:12 J BALLANTYNE & CO A85903927 OTHERS,108,,9340.91,shopping
28/04/2014,EFTPOS 26APR14 EFT IS1 16:43:11 J BALLANTYNE & CO A85903988 OTHERS,86,,9254.91,shopping
28/04/2014,EFTPOS 26APR14 EFT IS1 17:15:41 TWL 175 SOUTH CITY A85904082 OTHERS,18.5,,9236.41,shopping
27/12/2013,EFTPOS 26DEC13 EFT IS1 13:34:02 BIVOUAC TOWER JUNCTION A85901178 OTHERS,181.32,,6218.39,shopping
8/05/2014,TRANSFER LP NZMB36251 HIB- 267916X724666 yanns present Federico Rivas 1231530111709000 yann present IB0331879 INTERNET BANKING,5,,9925.83,shopping
5/12/2013,EFTPOS 05DEC13 EFT IS1 08:24:31 Z MOORHOUSE A85900099 OTHERS,70.91,,7057.3,tabac
7/03/2014,EFTPOS 07MAR14 EFT IS1 23:05:09 Z CARLTON CORNER A85902947 OTHERS,28.4,,7460.17,tabac
7/03/2014,EFTPOS 07MAR14 EFT IS1 23:06:15 Z CARLTON CORNER A85902948 OTHERS,11.3,,7448.87,tabac
10/06/2014,EFTPOS 09JUN14 EFT IS1 22:56:54 Z ADDINGTON A85900001 OTHERS,50,,10204.2,tabac
10/12/2013,EFTPOS 10DEC13 EFT IS1 20:10:27 Z CARLTON CORNER A85902598 OTHERS,37.4,,6647.13,tabac
15/05/2014,EFTPOS 15MAY14 EFT IS1 21:32:33 Z CARLTON CORNER A85902438 OTHERS,38.3,,9052.13,tabac
20/01/2014,EFTPOS 19JAN14 EFT IS1 20:42:58 Z CARLTON CORNER A85904794 OTHERS,19.9,,6890.8,tabac
21/05/2014,EFTPOS 21MAY14 EFT IS1 09:19:37 Z ADDINGTON A85900182 OTHERS,7.59,,7935.24,tabac
21/05/2014,EFTPOS 21MAY14 EFT IS1 09:22:13 Z ADDINGTON A85900192 OTHERS,9.2,,7926.04,tabac
17/06/2014,TRANSFER GLOBAL TRANSFER GPOT9R938W IB0242393 INTERNET BANKING,3959.01,,3873.88,transfers
17/06/2014,TRANSFER GLOBAL TRANSFER GPOT9R9BW0 IB0242377 INTERNET BANKING,1582.81,,7832.89,transfers
9/12/2013,EFTPOS 08DEC13 EFT IS1 15:18:08 OKAINS BAY RESERVE A85904637 OTHERS,12,,6856.59,travel
10/03/2014,EFTPOS 08MAR14 EFT IS1 19:45:45 TICKETDIRECT CANTERBUR A85902725 OTHERS,18.5,,7422.37,travel
10/02/2014,EFTPOS 09FEB14 EFT IS1 10:55:47 PEPPERS AWAROA LODGE A85903106 OTHERS,18,,5811.74,travel
16/06/2014,EFTPOS 15JUN14 EFT IS1 15:29:16 HANMER SPRINGS A85903915 OTHERS,45,,9613.9,travel
16/05/2014,EFTPOS 16MAY14 EFT IS1 15:44:46 CAMBRIDGE HOTEL A85901794 OTHERS,99,,8816.99,travel
19/05/2014,EFTPOS 17MAY14 EFT IS1 14:19:47 TWL 145 WANGANUI A85901549 OTHERS,15.98,,8572.71,travel
19/05/2014,EFTPOS 17MAY14 EFT IS1 16:45:32 DEPARTMENT OF CONSRVTN A85902160 OTHERS,30,,8497.16,travel
23/12/2013,EFTPOS 21DEC13 EFT IS1 16:28:05 WAIKITE THERMAL POOL A85902541 OTHERS,60,,7015.47,travel
22/04/2014,EFTPOS 22APR14 EFT IS1 16:32:18 HOMESTEAD HEALTH A85909533 OTHERS,41.2,,8187.41,travel
23/12/2013,EFTPOS 22DEC13 EFT IS1 16:27:38 ORAKEI KORAKO GEYSERLA A85905167 OTHERS,28,,6645.47,travel
3/01/2014,TRANSFER LP NZMA60915 HIB- 267389X12010 deposit Kathryn Shaw 0603170551361002 deposit IB0679881 INTERNET BANKING,140,,7022.14,travel
